-- phpMyAdmin SQL Dump
-- version 5.0.2
-- https://www.phpmyadmin.net/
--
-- Máy chủ: 127.0.0.1
-- Thời gian đã tạo: Th4 01, 2021 lúc 06:11 PM
-- Phiên bản máy phục vụ: 10.4.13-MariaDB
-- Phiên bản PHP: 7.4.8

SET SQL_MODE = "NO_AUTO_VALUE_ON_ZERO";
START TRANSACTION;
SET time_zone = "+00:00";


/*!40101 SET @OLD_CHARACTER_SET_CLIENT=@@CHARACTER_SET_CLIENT */;
/*!40101 SET @OLD_CHARACTER_SET_RESULTS=@@CHARACTER_SET_RESULTS */;
/*!40101 SET @OLD_COLLATION_CONNECTION=@@COLLATION_CONNECTION */;
/*!40101 SET NAMES utf8mb4 */;

--
-- Cơ sở dữ liệu: `qlclb`
--

-- --------------------------------------------------------

--
-- Cấu trúc bảng cho bảng `student`
--

CREATE TABLE `student` (
  `studentID` int(11) NOT NULL,
  `full_name` varchar(255) DEFAULT NULL,
  `phone` varchar(255) DEFAULT NULL,
  `studentCode` varchar(255) DEFAULT NULL,
  `gmail` varchar(255) DEFAULT NULL,
  `password` varchar(255) NOT NULL,
  `age` date DEFAULT NULL,
  `clb_id` int(11) DEFAULT NULL,
  `reason` text DEFAULT NULL,
  `status` int(11) DEFAULT NULL,
  `create_at` timestamp NOT NULL DEFAULT current_timestamp() ON UPDATE current_timestamp(),
  `update_at` timestamp NULL DEFAULT NULL
) ENGINE=InnoDB DEFAULT CHARSET=utf8mb4;

--
-- Đang đổ dữ liệu cho bảng `student`
--

INSERT INTO `student` (`studentID`, `full_name`, `phone`, `studentCode`, `gmail`, `password`, `age`, `clb_id`, `reason`, `status`, `create_at`, `update_at`) VALUES
(81, 'Hoàng', '0928178087', 'CE5544', 'hoangvh123456@gmail.com', '202cb962ac59075b964b07152d234b70', '1999-10-10', 0, NULL, -1, '2021-03-04 03:12:09', NULL),
(82, 'Ðắc Trọng', '0965671634', 'CE9000', 'nguyen6759@gmail.com', 'ba8c8e196e42ea666555a988fb8ec0b2', '1999-10-10', 2, NULL, 0, '2021-01-12 07:15:19', NULL),
(83, 'Quang Trọng', '0976279683', 'CE7730', 'nguyen1455@gmail.com', '46ed2e24d337912ef3d12c5956770241', '1999-10-10', 2, NULL, 0, '2021-01-12 07:15:22', NULL),
(84, 'Ngọc Trụ', '0989234501', 'CE3778', 'nguyen9546@gmail.com', 'd794d9695e3c77a0d713a18901bb6329', '1999-10-10', 2, NULL, 0, '2021-01-12 07:18:59', NULL),
(85, 'Quốc Trụ', '0942605239', 'CE5371', 'nguyen6180@gmail.com', '2697a39aa9a5031cce5309155a27e55d', '0000-00-00', 2, NULL, 0, '2021-01-12 07:18:56', NULL),
(86, 'Ðình Trung', '0975909988', 'CE7746', 'nguyen8818@gmail.com', '8e530a3a7fbe13d5953cb8181545c888', '0000-00-00', 2, NULL, 1, '2020-05-20 05:57:53', NULL),
(87, 'Tấn Trình', '0978133003', 'CE9030', 'nguyen4249@gmail.com', '5db9604e7a82c41acdfefdc6a698e24c', '0000-00-00', 2, NULL, 1, '2020-07-05 03:58:05', NULL),
(88, 'Quang Trọng', '0953400888', 'CE6381', 'nguyen8194@gmail.com', 'e98f0f9a50cecbae279616adad8b6a2d', '0000-00-00', 2, NULL, 1, '2020-06-21 18:12:05', NULL),
(89, 'Tấn Trình', '0913304027', 'CE3983', 'nguyen5798@gmail.com', 'e0151cd0e0307844c8033a1a48ea99ca', '0000-00-00', 2, NULL, 1, '2020-09-10 06:48:17', NULL),
(90, 'Quang Trọng', '0943788730', 'CE3111', 'nguyen2156@gmail.com', 'd97503ced083b6036c3dada99c90a961', '0000-00-00', 2, NULL, 1, '2020-12-19 00:29:12', NULL),
(91, 'Tấn Trình', '0952579414', 'CE7484', 'nguyen7531@gmail.com', '86666402553a788a5330158426b8ed26', '0000-00-00', 2, NULL, 1, '2020-07-28 23:28:02', NULL),
(92, 'Quang Trọng', '0924366480', 'CE1551', 'nguyen7682@gmail.com', '7816e00ac6b1ab01b3a0d96e7873e64e', '0000-00-00', 2, NULL, 1, '2020-03-13 09:51:04', NULL),
(93, 'Tấn Trình', '0989316893', 'CE5899', 'nguyen8749@gmail.com', '43fd7c7ea680d3dc2479bbd69600c725', '0000-00-00', 2, NULL, 1, '2020-09-29 23:41:51', NULL),
(94, 'Quốc Trụ', '0952066428', 'CE6035', 'nguyen3970@gmail.com', 'ed9c3789f8a6b4162e8451c83497ef6d', '0000-00-00', 2, NULL, 1, '2020-07-12 19:40:07', NULL),
(95, 'Tấn Trình', '0985028728', 'CE6334', 'nguyen8217@gmail.com', '2754331db9a891e7e1f5e82bf3cb9298', '0000-00-00', 2, NULL, 1, '2020-09-28 19:11:28', NULL),
(96, 'Ðình Trung', '0956027351', 'CE8930', 'nguyen7450@gmail.com', 'f3b5262321eaf66e8b3616a38d736b21', '0000-00-00', 2, NULL, 1, '2020-02-20 22:40:18', NULL),
(97, 'Ðắc Trọng', '0946364358', 'CE6480', 'nguyen2490@gmail.com', '37a4ff4ee813625bac64db1486a84946', '0000-00-00', 2, NULL, 1, '2020-01-19 08:39:17', NULL),
(98, 'Quốc Trụ', '0947857871', 'CE9754', 'nguyen4675@gmail.com', '51c6d40321adc67c6ae155830ed9aa49', '0000-00-00', 2, NULL, 1, '2020-02-22 22:31:30', NULL),
(99, 'Quang Trọng', '0913801520', 'CE3193', 'nguyen4174@gmail.com', '6879369c2185eed56ea5802cf54cc1a2', '0000-00-00', 2, NULL, 1, '2020-09-21 01:17:23', NULL),
--(100, 'Ngọc Trụ', '0931293549', 'CE7459', 'nguyen4886@gmail.com', '97fd6df1b93df592af86d95809b2d727', '0000-00-00', 2, NULL, 1, '2020-10-29 06:41:00', NULL),
--(101, 'Quốc Trụ', '0992598832', 'CE3326', 'nguyen6451@gmail.com', '90501a8bdbce55498651037ad020457d', '0000-00-00', 2, NULL, 1, '2020-08-18 09:42:36', NULL),
--(102, 'Tấn Trình', '0982704510', 'CE1148', 'nguyen8550@gmail.com', '94df2acd01e77778078a12f44a897c71', '0000-00-00', 2, NULL, 1, '2020-01-03 05:48:20', NULL),
--(103, 'Ðắc Trọng', '0955780568', 'CE8920', 'nguyen9002@gmail.com', 'cf8d256ae8882fe5428883341c821524', '0000-00-00', 2, NULL, 1, '2020-04-02 13:09:49', NULL),
--(104, 'Khắc Trọng', '0928199664', 'CE4070', 'nguyen6447@gmail.com', '25a7b7be8800471121d4441c91576a81', '0000-00-00', 2, NULL, 1, '2020-03-16 19:20:53', NULL),
--(105, 'Tấn Trình', '0921263870', 'CE1962', 'nguyen7404@gmail.com', '05c2b20d690980a0db37fffb40a4bad7', '0000-00-00', 2, NULL, 1, '2020-10-04 09:03:54', NULL),
--(106, 'Quang Trọng', '0957851734', 'CE6741', 'nguyen5634@gmail.com', '29e83ae7343cd61e74edab107c4d9f44', '0000-00-00', 2, NULL, 1, '2020-05-14 19:01:19', NULL),
--(107, 'Quốc Trụ', '0990841042', 'CE5752', 'nguyen1983@gmail.com', 'f6d6fcfe65a42cb68df1636af7663762', '0000-00-00', 2, NULL, 1, '2020-09-18 17:36:43', NULL),
--(108, 'Quốc Trụ', '0954548026', 'CE4492', 'nguyen1939@gmail.com', '0fefe0c1fb229fe39f7d135c1f557125', '0000-00-00', 2, NULL, 1, '2020-06-27 03:49:01', NULL),
--(109, 'Tấn Trình', '0974203020', 'CE3313', 'nguyen6614@gmail.com', 'de0c25cf6e3bc72d1bcfe7749f9bee19', '0000-00-00', 2, NULL, 1, '2020-08-20 07:53:30', NULL),
--(110, 'Tấn Trình', '0963740908', 'CE4918', 'nguyen3690@gmail.com', '7c663b8edc86827fb659833d18678655', '0000-00-00', 2, NULL, 1, '2020-09-22 22:51:12', NULL),
--(111, 'Quang Trọng', '0993209300', 'CE4956', 'nguyen4252@gmail.com', '7b5873d6a211f55bf3196816eb4f4b8e', '0000-00-00', 2, NULL, 1, '2020-10-24 19:09:33', NULL),
--(112, 'Tấn Trình', '0937341186', 'CE9359', 'nguyen3053@gmail.com', 'faf901dd816b9a067360366b92cbf36f', '0000-00-00', 2, NULL, 1, '2020-09-09 13:36:46', NULL),
--(113, 'Tấn Trình', '0963380984', 'CE3911', 'nguyen6874@gmail.com', '41f02bcf4ca99badfd130671855b2a20', '0000-00-00', 2, NULL, 1, '2020-08-22 20:33:11', NULL),
--(114, 'Ðình Trung', '0985860386', 'CE8346', 'nguyen7859@gmail.com', '92b4229563e5b2946bada975285236c2', '0000-00-00', 2, NULL, 1, '2020-03-10 14:06:45', NULL),
--(115, 'Quang Trọng', '0916882586', 'CE6800', 'nguyen8950@gmail.com', '0f36722bb0139caa44f39f7764f91c44', '0000-00-00', 2, NULL, 1, '2020-04-19 14:17:38', NULL),
--(116, 'Quốc Trụ', '0996692525', 'CE8297', 'nguyen9120@gmail.com', '264d836d533574df43abe7191ac42086', '0000-00-00', 2, NULL, 1, '2020-07-14 20:16:56', NULL),
--(117, 'Ngọc Trụ', '0922466050', 'CE1983', 'nguyen2407@gmail.com', 'fe57a995e17eae80bfb7e827c0968ac1', '0000-00-00', 2, NULL, 1, '2020-07-19 18:24:36', NULL),
--(118, 'Tấn Trình', '0953221317', 'CE6956', 'nguyen3519@gmail.com', 'e74e1816415c057159085d3f0b86daf5', '0000-00-00', 2, NULL, 1, '2020-08-03 00:59:51', NULL),
--(119, 'Ðắc Trọng', '0989056677', 'CE5834', 'nguyen3020@gmail.com', '366b2703506434b24a21e13c11e35714', '0000-00-00', 2, NULL, 1, '2020-02-29 05:25:50', NULL),
--(120, 'Quốc Trụ', '0989480417', 'CE3837', 'nguyen2927@gmail.com', 'f1d454e5bf0dba94bc7532916ed3c686', '0000-00-00', 2, NULL, 1, '2020-06-01 16:06:25', NULL),
--(121, 'Ðình Trung', '0928754575', 'CE2045', 'nguyen4187@gmail.com', '15e62a104bf43cc598b083b30a4a7f90', '0000-00-00', 2, NULL, 1, '2020-10-17 23:57:18', NULL),
--(122, 'Ðình Trung', '0932538522', 'CE6842', 'nguyen3131@gmail.com', 'e1e576ac01cc19fbe3994e5cd4de96dc', '0000-00-00', 2, NULL, 1, '2020-12-29 09:15:21', NULL),
--(123, 'Ðắc Trọng', '0932357809', 'CE4230', 'nguyen9454@gmail.com', 'f9a943abf141434f8c67603ad5fba809', '0000-00-00', 2, NULL, 1, '2020-11-25 09:56:49', NULL),
--(124, 'Quốc Trụ', '0976035396', 'CE8033', 'nguyen9156@gmail.com', '04aa6424d5d7fd4240b738414e4aa002', '0000-00-00', 2, NULL, 1, '2020-09-29 04:30:44', NULL),
--(125, 'Tấn Trình', '0958861666', 'CE3829', 'nguyen6510@gmail.com', '0f879b4552301b8441b5123555868209', '0000-00-00', 2, NULL, 1, '2020-04-15 23:42:45', NULL),
--(126, 'Quang Trọng', '0950057456', 'CE3286', 'nguyen6061@gmail.com', '70c28833a405dd5eaf1be11912fa26a4', '0000-00-00', 2, NULL, 1, '2020-02-10 01:37:58', NULL),
--(127, 'Ðình Trung', '0978892802', 'CE1399', 'nguyen7425@gmail.com', 'f02543bf351f171520d8bc6507f63d9c', '0000-00-00', 2, NULL, 1, '2020-07-08 09:00:09', NULL),
--(128, 'Tấn Trình', '0936497419', 'CE4126', 'nguyen9663@gmail.com', '07e54501eedd86c96568c40fde57d8ce', '0000-00-00', 2, NULL, 1, '2020-03-06 11:05:22', NULL),
--(129, 'Khắc Trọng', '0978464233', 'CE2640', 'nguyen4579@gmail.com', '4017ba4c118039a89f92114747063646', '0000-00-00', 2, NULL, 1, '2020-11-22 04:18:51', NULL),
--(130, 'Quang Trọng', '0958190097', 'CE4471', 'nguyen9440@gmail.com', '5b8ccea4652a7e85c837122dcff3d9b8', '0000-00-00', 2, NULL, 1, '2020-12-23 23:29:00', NULL),
--(131, 'Ngọc Trụ', '0949545636', 'CE3643', 'nguyen9984@gmail.com', '6d6d0b132ec5d2f5e8719de8f9b372d3', '0000-00-00', 2, NULL, 1, '2020-09-05 23:27:08', NULL),
--(132, 'Ðình Trung', '0989663018', 'CE8215', 'nguyen6970@gmail.com', '8d1df10ab066990b4181e788df810cb9', '0000-00-00', 2, NULL, 1, '2020-04-10 17:46:26', NULL),
--(133, 'Ðắc Trọng', '0945519744', 'CE7575', 'nguyen8574@gmail.com', '4ab39b14316eecc6978c5938d516fe6d', '0000-00-00', 2, NULL, 1, '2020-02-25 15:50:27', NULL),
--(134, 'Tấn Trình', '0919296918', 'CE7758', 'nguyen6653@gmail.com', 'c2c0fa08471e772ca028b73c27bdeafe', '0000-00-00', 2, NULL, 1, '2020-09-06 03:30:00', NULL),
--(135, 'Ðình Trung', '0976844193', 'CE2850', 'nguyen3358@gmail.com', 'af618a8cfa90a95f4f9be2a9ab41d747', '0000-00-00', 2, NULL, 1, '2020-07-19 21:07:15', NULL),
--(136, 'Ngọc Trụ', '0919205934', 'CE4996', 'nguyen3598@gmail.com', 'e86ad71ac507269814c233c7571fd8a2', '0000-00-00', 2, NULL, 1, '2020-04-17 08:03:45', NULL),
--(137, 'Ðắc Trọng', '0978357063', 'CE1038', 'nguyen2621@gmail.com', 'c1ff2304dec67c6e760525746289d92a', '0000-00-00', 2, NULL, 1, '2020-04-14 09:09:38', NULL),
--(138, 'Tấn Trình', '0957192888', 'CE5657', 'nguyen2564@gmail.com', '7e657a62b5690d8123242333c11b1f5f', '0000-00-00', 2, NULL, 1, '2020-01-09 05:50:25', NULL),
--(139, 'Quang Trọng', '0954692011', 'CE5059', 'nguyen3593@gmail.com', '1fada91b6b6e322fcbc284661ee45ccd', '0000-00-00', 2, NULL, 1, '2020-11-20 16:07:31', NULL),
--(140, 'Quốc Trụ', '0949890319', 'CE8878', 'nguyen6169@gmail.com', 'd47ff98722f5c4fceec9e232343ebe1f', '0000-00-00', 2, NULL, 1, '2020-06-19 01:09:57', NULL),
--(141, 'Ðắc Trọng', '0932647048', 'CE1611', 'nguyen5149@gmail.com', '8104a0b83b99c4fd40688d5161b491e8', '0000-00-00', 2, NULL, 1, '2020-03-31 03:30:14', NULL),
--(142, 'Tấn Trình', '0948428928', 'CE2764', 'nguyen6853@gmail.com', 'aab18f38b2bef2d99cb9cd7be5e5158c', '0000-00-00', 2, NULL, 1, '2020-03-22 05:39:37', NULL),
--(143, 'Quốc Trụ', '0939805300', 'CE5630', 'nguyen1481@gmail.com', 'b9149194e36641b5c3513dee0686ecb0', '0000-00-00', 2, NULL, 1, '2020-12-02 01:39:07', NULL),
--(144, 'Tấn Trình', '0927919787', 'CE8716', 'nguyen4164@gmail.com', '84e04f2f467aacbf7c1aeb517266f862', '0000-00-00', 2, NULL, 1, '2020-09-11 12:10:23', NULL),
--(145, 'Ðắc Trọng', '0916724860', 'CE4355', 'nguyen4556@gmail.com', '8c0f62982c3ad3d446ee8877b519c9f9', '0000-00-00', 2, NULL, 1, '2020-10-17 21:07:36', NULL),
--(146, 'Ðắc Trọng', '0942308082', 'CE7429', 'nguyen5012@gmail.com', '0b35ef09816df7fcf79a403c126baaa1', '0000-00-00', 2, NULL, 1, '2020-09-18 19:52:49', NULL),
--(147, 'Ngọc Trụ', '0946669759', 'CE6089', 'nguyen2811@gmail.com', '0634836197a9ad3169a64eb500fe3b6e', '0000-00-00', 2, NULL, 1, '2020-10-05 10:36:02', NULL),
--(148, 'Quốc Trụ', '0920049142', 'CE1680', 'nguyen1625@gmail.com', '17169119d9a7a6ecf895ac7418b1f703', '0000-00-00', 2, NULL, 1, '2020-04-29 00:56:43', NULL),
--(149, 'Ðình Trung', '0918136585', 'CE7825', 'nguyen3847@gmail.com', 'b20092865a4f6d9a4c80cf1fa8c09593', '0000-00-00', 2, NULL, 1, '2020-03-26 21:43:17', NULL),
--(150, 'Quang Trọng', '0974544543', 'CE6736', 'nguyen8064@gmail.com', '5605608e56ec672b43262a541aa08e19', '0000-00-00', 2, NULL, 1, '2020-06-02 06:32:39', NULL),
--(151, 'Khắc Trọng', '0964855875', 'CE6577', 'nguyen3095@gmail.com', 'fced82f65293a50a1913c2eba7fc2047', '0000-00-00', 2, NULL, 1, '2020-11-05 06:24:13', NULL),
--(152, 'Quang Trọng', '0995504133', 'CE1171', 'nguyen7483@gmail.com', 'cb63ced09fd59cbd8b90fc4e6e795de7', '0000-00-00', 2, NULL, 1, '2020-05-22 01:33:23', NULL),
--(153, 'Tấn Trình', '0959493223', 'CE8213', 'nguyen2365@gmail.com', 'bdd6cf428255ef6b1e700674b50868a7', '0000-00-00', 2, NULL, 1, '2020-09-03 03:13:28', NULL),
--(154, 'Ðình Trung', '0932000758', 'CE2632', 'nguyen7617@gmail.com', '5316ef8d4a1fb0c9f7c35bcfc2b8c170', '0000-00-00', 2, NULL, 1, '2020-01-17 14:34:41', NULL),
--(155, 'Khắc Trọng', '0931411251', 'CE5879', 'nguyen2183@gmail.com', 'f5ec248be7f603fd72dc2e09b79d8094', '0000-00-00', 2, NULL, 1, '2020-01-25 16:50:09', NULL),
--(156, 'Tấn Trình', '0954296498', 'CE9956', 'nguyen4390@gmail.com', 'a13babd0c72e296560d110b2d13d9f57', '0000-00-00', 2, NULL, 1, '2020-05-15 02:39:50', NULL),
--(157, 'Quang Trọng', '0989361228', 'CE4203', 'nguyen2405@gmail.com', 'aecc34c870280ff4f62b0c970e73c3f5', '0000-00-00', 2, NULL, 1, '2020-06-13 07:08:07', NULL),
--(158, 'Quang Trọng', '0963964161', 'CE6565', 'nguyen6439@gmail.com', '1c34abfd9a1734ccdafd22d100048b65', '0000-00-00', 2, NULL, 1, '2020-10-02 18:24:24', NULL),
--(159, 'Quốc Trụ', '0980536872', 'CE6239', 'nguyen5712@gmail.com', 'a823b8f7a4464708da885f855fc101fd', '0000-00-00', 2, NULL, 1, '2020-03-29 15:13:35', NULL),
--(160, 'Quang Trọng', '0933249309', 'CE2945', 'nguyen6206@gmail.com', '8c59440ab032ada63adf163176f5e2cf', '0000-00-00', 2, NULL, 1, '2020-03-30 03:53:07', NULL),
--(161, 'Khắc Trọng', '0995791257', 'CE8447', 'nguyen1753@gmail.com', 'f11da6d1a0aea39dde7c7db5e6f509be', '0000-00-00', 2, NULL, 1, '2020-11-03 18:50:25', NULL),
--(162, 'Quang Trọng', '0985539225', 'CE6710', 'nguyen3059@gmail.com', '3f4135b51146fedb6f52acebd3e03f1b', '0000-00-00', 2, NULL, 1, '2020-06-30 09:19:37', NULL),
--(163, 'Khắc Trọng', '0997669397', 'CE9146', 'nguyen8155@gmail.com', '70744bd8dc484935d63dc40ae6d4eb7f', '0000-00-00', 2, NULL, 1, '2020-11-25 00:46:43', NULL),
--(164, 'Tấn Trình', '0984817587', 'CE3345', 'nguyen6066@gmail.com', 'a436d7d85614ae321f625104be865a9f', '0000-00-00', 2, NULL, 1, '2020-01-08 00:49:18', NULL),
--(165, 'Ðắc Trọng', '0992242106', 'CE4724', 'nguyen7567@gmail.com', 'a5f86c8393a48220764f4d60612a2fe8', '0000-00-00', 2, NULL, 1, '2020-07-16 18:38:18', NULL),
--(166, 'Ðình Trung', '0987383263', 'CE9333', 'nguyen3801@gmail.com', 'bef0b13727cd705f63e13bbfa5e3c1b0', '0000-00-00', 2, NULL, 1, '2020-07-15 16:27:05', NULL),
--(167, 'Ðình Trung', '0937629646', 'CE3376', 'nguyen2900@gmail.com', '244b36b3b60c52c7b2c26c8674b3da51', '0000-00-00', 2, NULL, 1, '2020-09-01 19:07:39', NULL),
--(168, 'Ðắc Trọng', '0992905714', 'CE6386', 'nguyen3450@gmail.com', '93fba17c9560c9bd3d3939b86b3337e0', '0000-00-00', 2, NULL, 1, '2020-08-03 12:15:23', NULL),
--(169, 'Ngọc Trụ', '0960873625', 'CE3068', 'nguyen9546@gmail.com', 'dc140e953094cd669858905c0f6364a4', '0000-00-00', 2, NULL, 1, '2020-07-29 05:31:39', NULL),
--(170, 'Quốc Trụ', '0986360798', 'CE1648', 'nguyen3942@gmail.com', 'fb11d4761632eae292d40724c28f149f', '0000-00-00', 2, NULL, 1, '2020-06-19 18:20:25', NULL),
--(171, 'Quốc Trụ', '0984039623', 'CE8644', 'nguyen9730@gmail.com', 'dd2a05b40b58b559557e105b1918f5b6', '0000-00-00', 2, NULL, 1, '2020-04-03 05:02:28', NULL),
--(172, 'Ðắc Trọng', '0925860713', 'CE6448', 'nguyen8329@gmail.com', '551a62ccb5f29eabfe2c01452dd9189b', '0000-00-00', 2, NULL, 1, '2020-10-08 16:59:20', NULL),
--(173, 'Ðình Trung', '0993229214', 'CE6921', 'nguyen9081@gmail.com', 'aa7ae972f93daa8e48f867c785a33f3c', '0000-00-00', 2, NULL, 1, '2020-11-16 02:58:40', NULL),
--(174, 'Ngọc Trụ', '0999730993', 'CE6395', 'nguyen1715@gmail.com', '34b66dee1411843a36a8f8dec9b958df', '0000-00-00', 2, NULL, 1, '2020-06-07 18:24:33', NULL),
--(175, 'Khắc Trọng', '0932774785', 'CE1303', 'nguyen4487@gmail.com', '061a331b85cac9706da5116dadb19337', '0000-00-00', 2, NULL, 1, '2020-10-26 16:59:02', NULL),
--(176, 'Ðình Trung', '0985304602', 'CE1453', 'nguyen8896@gmail.com', '9aea6e9a7b835371accefefa359d5804', '0000-00-00', 2, NULL, 1, '2020-11-18 15:09:57', NULL),
--(177, 'Ðắc Trọng', '0941473339', 'CE5545', 'nguyen1722@gmail.com', 'f50c3250f9a8a1accd0b64f9674026bc', '0000-00-00', 2, NULL, 1, '2020-02-22 19:51:18', NULL),
--(178, 'Ðình Trung', '0985655564', 'CE6375', 'nguyen8591@gmail.com', '6126efc7d9fe3a2538d1cb0a5ec38164', '0000-00-00', 2, NULL, 1, '2020-01-01 19:40:07', NULL),
--(179, 'Khắc Trọng', '0930459528', 'CE5919', 'nguyen8907@gmail.com', '88d37032144baa9c4a4432b9fc417da7', '0000-00-00', 2, NULL, 1, '2020-12-14 04:22:54', NULL),
--(180, 'Ðắc Trọng', '0956855913', 'CE3984', 'nguyen2703@gmail.com', '7a329956d77d12301851c3c762d3de11', '0000-00-00', 2, NULL, 1, '2020-11-29 17:46:39', NULL),
--(181, 'Ðắc Trọng', '0924807287', 'CE3740', 'nguyen4405@gmail.com', '3abe75c05d20fdb3e3b7d06d572f90ef', '0000-00-00', 2, NULL, 1, '2020-02-09 18:46:07', NULL),
--(182, 'Khắc Trọng', '0992025447', 'CE7628', 'nguyen1257@gmail.com', '9319530fb7110633fb0798f8417e5a20', '0000-00-00', 2, NULL, 1, '2020-12-25 11:18:23', NULL),
--(183, 'Ngọc Trụ', '0930128176', 'CE6343', 'nguyen4441@gmail.com', '9507fcc0aeef2db238cde964b84c681c', '0000-00-00', 2, NULL, 1, '2020-05-19 13:22:19', NULL),
--(184, 'Ðắc Trọng', '0915519209', 'CE3576', 'nguyen6602@gmail.com', '7faa9d9d592c35e0a6123bc9f3929ab3', '0000-00-00', 2, NULL, 1, '2020-06-29 01:05:27', NULL),
--(185, 'Ðình Trung', '0949137752', 'CE5375', 'nguyen4865@gmail.com', '1977246960c6d425a5dc089e9e5e7b3f', '0000-00-00', 2, NULL, 1, '2020-09-28 23:02:52', NULL),
--(186, 'Quốc Trụ', '0954351509', 'CE2254', 'nguyen7639@gmail.com', '9b10c884b0c87823389dcb064aa7fe09', '0000-00-00', 2, NULL, 1, '2020-07-12 06:41:27', NULL),
--(187, 'Tấn Trình', '0990934198', 'CE3290', 'nguyen6638@gmail.com', 'f28aa6225bd349a11923f2a0a01cf67b', '0000-00-00', 2, NULL, 1, '2020-04-20 02:50:02', NULL),
--(188, 'Quang Trọng', '0947852149', 'CE2259', 'nguyen7461@gmail.com', '7f653105ee6ba2eef6826c91c3a35abc', '0000-00-00', 2, NULL, 1, '2020-09-22 01:09:43', NULL),
--(189, 'Ngọc Trụ', '0917468598', 'CE7890', 'nguyen1968@gmail.com', '0c3cd91bb67869873b0897d8fb4aec49', '0000-00-00', 2, NULL, 1, '2020-06-24 05:01:16', NULL),
--(190, 'Ðình Trung', '0945194446', 'CE6267', 'nguyen1748@gmail.com', '655e249454acf93c22836dba6a59431c', '0000-00-00', 2, NULL, 1, '2020-09-17 23:45:02', NULL),
--(191, 'Quang Trọng', '0952523266', 'CE1969', 'nguyen5983@gmail.com', 'd83895bc5eecfd161f786a07e1717ad8', '0000-00-00', 2, NULL, 1, '2020-05-07 02:19:22', NULL),
--(192, 'Quang Trọng', '0960496520', 'CE6342', 'nguyen8751@gmail.com', 'a627c3af0d689b9ec0b72b4e746767ab', '0000-00-00', 2, NULL, 1, '2020-05-29 16:08:41', NULL),
--(193, 'Ðắc Trọng', '0975547968', 'CE1855', 'nguyen8524@gmail.com', 'fd6b4c264c525caabd73688789f469fa', '0000-00-00', 2, NULL, 1, '2020-02-11 07:25:06', NULL),
--(194, 'Quốc Trụ', '0941568076', 'CE7905', 'nguyen5726@gmail.com', 'e6f41a440ab8bc000c233375eed7a1fa', '0000-00-00', 2, NULL, 1, '2020-07-29 14:17:17', NULL),
--(195, 'Quang Trọng', '0981855088', 'CE7598', 'nguyen3429@gmail.com', '869550517ac6db609e44921d3a9c59d8', '0000-00-00', 2, NULL, 1, '2020-11-20 15:01:44', NULL),
--(196, 'Tấn Trình', '0960394920', 'CE7699', 'nguyen4700@gmail.com', 'b36f230f9b7605d1ab4a9f02da855034', '0000-00-00', 2, NULL, 1, '2020-08-03 00:29:12', NULL),
--(197, 'Ðắc Trọng', '0936571243', 'CE6337', 'nguyen2650@gmail.com', '33ab36e639ecd4d21c3dfd2ec9b92231', '0000-00-00', 2, NULL, 1, '2020-06-02 17:15:18', NULL),
--(198, 'Ngọc Trụ', '0960914032', 'CE8889', 'nguyen8605@gmail.com', '9510dc44f3d8a71cc0204008de36369a', '0000-00-00', 2, NULL, 1, '2020-04-27 23:03:50', NULL),
--(199, 'Ðắc Trọng', '0985899140', 'CE2375', 'nguyen2070@gmail.com', '1991ccdca49320789a00306cace245bd', '0000-00-00', 2, NULL, 1, '2020-01-17 14:24:31', NULL),
--(200, 'Ngọc Trụ', '0917948175', 'CE1554', 'nguyen9704@gmail.com', '0fbfc47a7a81bc74173a3f34e78dbc55', '0000-00-00', 2, NULL, 1, '2020-05-20 16:33:41', NULL),
--(201, 'Ðình Trung', '0919623786', 'CE3844', 'nguyen7834@gmail.com', 'b1baf5c2986078a224b54e558b79faea', '0000-00-00', 2, NULL, 1, '2020-08-14 16:42:33', NULL),
--(202, 'Quốc Trụ', '0996286283', 'CE6798', 'nguyen2380@gmail.com', '8c24d390518938b8f3256c12fbee7649', '0000-00-00', 2, NULL, 1, '2020-05-03 00:05:31', NULL),
--(203, 'Tấn Trình', '0942100433', 'CE9213', 'nguyen6243@gmail.com', '314f078c98af0aa34a5670c82412ca30', '0000-00-00', 2, NULL, 1, '2020-01-29 17:07:57', NULL),
--(204, 'Ðắc Trọng', '0969688490', 'CE5914', 'nguyen7909@gmail.com', '2e99f358e6f0145163795aa947ab56e1', '0000-00-00', 2, NULL, 1, '2020-11-15 03:57:25', NULL),
--(205, 'Ðình Trung', '0981527976', 'CE7996', 'nguyen4893@gmail.com', '31a91ec3824f7c305f0264c07697ce1c', '0000-00-00', 2, NULL, 1, '2020-06-05 11:59:32', NULL),
--(206, 'Quang Trọng', '0931509103', 'CE9200', 'nguyen3292@gmail.com', 'd8c5cc7c8dd949ea0ae46d05dad609ee', '0000-00-00', 2, NULL, 1, '2020-02-20 02:50:34', NULL),
--(207, 'Ngọc Trụ', '0943631265', 'CE6027', 'nguyen9120@gmail.com', 'b780a2bb2dcba5603bd262f2be29e26b', '0000-00-00', 2, NULL, 1, '2020-10-19 08:20:58', NULL),
--(208, 'Quốc Trụ', '0927680348', 'CE7054', 'nguyen2829@gmail.com', '5b7bf0a9063484299f0e49212025d43a', '0000-00-00', 2, NULL, 1, '2020-11-08 00:54:54', NULL),
--(209, 'Ðình Trung', '0979324693', 'CE6363', 'nguyen1433@gmail.com', '801fc9d1845c4a1882e2c46e442fc7fd', '0000-00-00', 2, NULL, 1, '2020-01-17 23:03:44', NULL),
--(210, 'Ðắc Trọng', '0963394536', 'CE3046', 'nguyen5510@gmail.com', '556d17e5947b3b54cc8374f65d57a9d9', '0000-00-00', 2, NULL, 1, '2020-12-26 07:18:15', NULL),
--(211, 'Khắc Trọng', '0949789446', 'CE4923', 'nguyen1613@gmail.com', '30a0805a51e814e3abcca240453ba111', '0000-00-00', 2, NULL, 1, '2020-01-22 15:30:13', NULL),
--(212, 'Quốc Trụ', '0921580969', 'CE6666', 'nguyen3306@gmail.com', 'f0c3f7afdca65c330a1c4dd18fa62663', '0000-00-00', 2, NULL, 1, '2020-02-07 16:03:28', NULL),
--(213, 'Quốc Trụ', '0932966155', 'CE9072', 'nguyen2230@gmail.com', 'dfbac233c35c649d846a63e04a1edc1b', '0000-00-00', 2, NULL, 1, '2020-04-11 23:58:23', NULL),
--(214, 'Khắc Trọng', '0986374329', 'CE9215', 'nguyen7402@gmail.com', '04826b00e216d932104ee13fcaded677', '0000-00-00', 2, NULL, 1, '2020-09-11 00:33:59', NULL),
--(215, 'Khắc Trọng', '0937841975', 'CE7364', 'nguyen7333@gmail.com', 'f4479675130dc32ff1d9d615f3fdc407', '0000-00-00', 2, NULL, 1, '2020-09-10 09:23:26', NULL),
--(216, 'Tấn Trình', '0939050122', 'CE7043', 'nguyen7784@gmail.com', 'fa3c2125e97ced9470aacbb9c54f6fd5', '0000-00-00', 2, NULL, 1, '2020-05-07 18:18:00', NULL),
--(217, 'Ngọc Trụ', '0936178625', 'CE8928', 'nguyen9062@gmail.com', 'ecb910a9259d143b1e0c3968aaea65fa', '0000-00-00', 2, NULL, 1, '2020-11-07 10:20:10', NULL),
--(218, 'Ngọc Trụ', '0984578709', 'CE2067', 'nguyen5649@gmail.com', '8115ec6b186199c02cab12203b59051f', '0000-00-00', 2, NULL, 1, '2020-11-26 13:04:27', NULL),
--(219, 'Khắc Trọng', '0980331349', 'CE7867', 'nguyen6897@gmail.com', '24c9f3dce1a4de0e52ea5afd66271a74', '0000-00-00', 2, NULL, 1, '2020-07-23 21:06:03', NULL),
--(220, 'Tấn Trình', '0993412832', 'CE3241', 'nguyen1679@gmail.com', 'eaafccf0a8161ffb105b2580bfd6afc0', '0000-00-00', 2, NULL, 1, '2020-12-12 21:50:56', NULL),
--(221, 'Khắc Trọng', '0924786719', 'CE8499', 'nguyen6317@gmail.com', '7a2620c9020a68a098aeef973fa1acbb', '0000-00-00', 2, NULL, 1, '2020-12-15 07:43:24', NULL),
--(222, 'Ðắc Trọng', '0980790123', 'CE6503', 'nguyen7971@gmail.com', '76ab41906023421dcb9244ed643b1b17', '0000-00-00', 2, NULL, 1, '2020-09-18 21:20:29', NULL),
--(223, 'Ðình Trung', '0915351947', 'CE4361', 'nguyen1239@gmail.com', 'c3fcf205a048d0cc715e8e54832bfa6e', '0000-00-00', 2, NULL, 1, '2020-08-30 16:11:14', NULL),
--(224, 'Ðắc Trọng', '0970088701', 'CE9142', 'nguyen7644@gmail.com', '4bf2875e6b30962975d280ad19ca0b8a', '0000-00-00', 2, NULL, 1, '2020-08-05 13:28:06', NULL),
--(225, 'Ðắc Trọng', '0958801215', 'CE8790', 'nguyen3269@gmail.com', '9130aa5bf9ec7a724cab1c049593178b', '0000-00-00', 2, NULL, 1, '2020-05-17 14:54:23', NULL),
--(226, 'Quang Trọng', '0963118818', 'CE3430', 'nguyen6633@gmail.com', 'cd2254b834e49c1874e5553e652ce824', '0000-00-00', 2, NULL, 1, '2020-05-13 21:21:14', NULL),
--(227, 'Quang Trọng', '0948829053', 'CE8788', 'nguyen9806@gmail.com', '8218ba69088d168c51409f6e1c80bd75', '0000-00-00', 2, NULL, 1, '2020-03-10 04:31:29', NULL),
--(228, 'Quốc Trụ', '0977014701', 'CE7806', 'nguyen3953@gmail.com', 'a5d187f13cab4559602e08eb8aef2ea6', '0000-00-00', 2, NULL, 1, '2020-11-17 15:33:14', NULL),
--(229, 'Khắc Trọng', '0954244279', 'CE3754', 'nguyen8041@gmail.com', 'fa80ee0c71cefba3930ebabebe39bebb', '0000-00-00', 2, NULL, 1, '2020-10-06 23:26:58', NULL),
--(230, 'Quốc Trụ', '0990239795', 'CE9094', 'nguyen2056@gmail.com', '063aa0faf8f8cd1127413c0703cfb197', '0000-00-00', 2, NULL, 1, '2020-01-03 10:29:37', NULL),
--(231, 'Quốc Trụ', '0993388844', 'CE3391', 'nguyen8092@gmail.com', '5c5fc669a9394b84f5f13b73a5c5884c', '0000-00-00', 2, NULL, 1, '2020-11-10 03:28:07', NULL),
--(232, 'Ðắc Trọng', '0915536433', 'CE7229', 'nguyen4660@gmail.com', 'fd4b69fd505cfdc1be5193a161130454', '0000-00-00', 2, NULL, 1, '2020-12-25 04:02:48', NULL),
--(233, 'Quốc Trụ', '0985546770', 'CE3634', 'nguyen8472@gmail.com', 'a025c73ede95d80b4dca6a76593fc936', '0000-00-00', 2, NULL, 1, '2020-05-29 11:06:00', NULL),
--(234, 'Quang Trọng', '0961366722', 'CE8185', 'nguyen2386@gmail.com', '7dde8a16f4a14548652e0a7edf122740', '0000-00-00', 2, NULL, 1, '2020-05-06 20:21:07', NULL),
--(235, 'Ðắc Trọng', '0920945949', 'CE5110', 'nguyen3738@gmail.com', '5a98bdaf1db86ef628cf3ce0c936dacb', '0000-00-00', 2, NULL, 1, '2020-07-02 21:50:18', NULL),
--(236, 'Ðắc Trọng', '0959105237', 'CE8966', 'nguyen3135@gmail.com', 'd3a81ab8ea01fe7e474cfc2e2516277e', '0000-00-00', 2, NULL, 1, '2020-06-09 09:22:45', NULL),
--(237, 'Quang Trọng', '0950550363', 'CE7187', 'nguyen4034@gmail.com', '4e2e9d3ac6cd7d5c97306a4a296e14c3', '0000-00-00', 2, NULL, 1, '2020-04-29 19:25:01', NULL),
--(238, 'Ðình Trung', '0937502894', 'CE7919', 'nguyen7304@gmail.com', 'f897701d3e4a22e9a38dfd3992e2888d', '0000-00-00', 2, NULL, 1, '2020-08-05 12:50:42', NULL),
--(239, 'Ðình Trung', '0998789109', 'CE6004', 'nguyen8537@gmail.com', '18d5b077bd095d1de6e7ec97f312d5b0', '0000-00-00', 2, NULL, 1, '2020-02-22 16:21:33', NULL),
--(240, 'Ðình Trung', '0955567777', 'CE5531', 'nguyen9977@gmail.com', 'fe7da16ab952ee4a279d7cb86a788390', '0000-00-00', 2, NULL, 1, '2020-03-09 03:24:31', NULL),
--(241, 'Quốc Trụ', '0915838564', 'CE7446', 'nguyen9443@gmail.com', 'b7366c550838215221d770bd2350fb6a', '0000-00-00', 2, NULL, 1, '2020-07-24 03:50:10', NULL),
--(242, 'Ðắc Trọng', '0951517149', 'CE7607', 'nguyen8099@gmail.com', '28b415932b159df6d6ae16c645a6d897', '0000-00-00', 2, NULL, 1, '2020-05-30 12:26:15', NULL),
--(243, 'Ðình Trung', '0956729091', 'CE8229', 'nguyen3556@gmail.com', '476e994055397742c829097489be3c55', '0000-00-00', 2, NULL, 1, '2020-06-25 16:51:19', NULL),
--(244, 'Quang Trọng', '0996509199', 'CE1471', 'nguyen7133@gmail.com', '1aebc6440d7844ddc90d6e5e19361743', '0000-00-00', 2, NULL, 1, '2020-12-16 15:19:08', NULL),
--(245, 'Quang Trọng', '0947137383', 'CE4412', 'nguyen8631@gmail.com', 'd2e697b01e4f47fc873edd8feb1ec87b', '0000-00-00', 2, NULL, 1, '2020-12-24 00:07:24', NULL),
--(246, 'Ngọc Trụ', '0989233641', 'CE9200', 'nguyen6044@gmail.com', 'e1aabedcc082e43de82a4041762045ca', '0000-00-00', 2, NULL, 1, '2020-10-02 05:52:25', NULL),
--(247, 'Quang Trọng', '0928398467', 'CE7349', 'nguyen5766@gmail.com', '9270416aad951a71d8eeb6ec98fe00f8', '0000-00-00', 2, NULL, 1, '2020-12-14 13:52:28', NULL),
--(248, 'Ðình Trung', '0972313829', 'CE8829', 'nguyen2725@gmail.com', '319e7f8d24fd7d08fb2e0db58359abc4', '0000-00-00', 2, NULL, 1, '2020-11-03 18:51:52', NULL),
--(249, 'Tấn Trình', '0959177354', 'CE3932', 'nguyen6457@gmail.com', 'b7cbbcd383a12fc524d1467e9fd2b2c2', '0000-00-00', 2, NULL, 1, '2020-03-08 18:22:08', NULL),
--(250, 'Tấn Trình', '0988646608', 'CE2786', 'nguyen9029@gmail.com', '2cd928976ae1dea47220a5fea1141927', '0000-00-00', 2, NULL, 1, '2020-04-16 03:26:48', NULL),
--(251, 'Ngọc Trụ', '0996626905', 'CE3633', 'nguyen1478@gmail.com', '3af5ca4f890f32010940b424f2efca8f', '0000-00-00', 2, NULL, 1, '2020-11-13 16:11:43', NULL),
--(252, 'Ðình Trung', '0978127639', 'CE1928', 'nguyen3327@gmail.com', '84bb5d675c34f38ca11e90f4691892ba', '0000-00-00', 2, NULL, 1, '2020-08-26 01:33:13', NULL),
--(253, 'Khắc Trọng', '0928525155', 'CE4142', 'nguyen7533@gmail.com', '91686c9bd3bb22cbb0f1a7d9a9721080', '0000-00-00', 2, NULL, 1, '2020-02-25 19:50:25', NULL),
--(254, 'Khắc Trọng', '0917418852', 'CE3245', 'nguyen9523@gmail.com', '5ff2ce1e243b5e7f0ada5cd7f4c12b64', '0000-00-00', 2, NULL, 1, '2020-10-30 09:46:27', NULL),
--(255, 'Khắc Trọng', '0922647658', 'CE1475', 'nguyen1801@gmail.com', '7f7f4987ac01e40f3f8309d1d72f9103', '0000-00-00', 2, NULL, 1, '2020-02-07 17:51:54', NULL),
--(256, 'Quang Trọng', '0989865693', 'CE1923', 'nguyen1363@gmail.com', '51b3da9aa7be0f88f9556a3f32c1f53f', '0000-00-00', 2, NULL, 1, '2020-04-04 08:06:05', NULL),
--(257, 'Quốc Trụ', '0931528358', 'CE5282', 'nguyen4661@gmail.com', '231a955fcfe3fd209f50c55656131772', '0000-00-00', 2, NULL, 1, '2020-07-26 22:23:05', NULL),
--(258, 'Quốc Trụ', '0918024734', 'CE6124', 'nguyen3280@gmail.com', 'b93d377075ad39a1cdc4172f9360d6de', '0000-00-00', 2, NULL, 1, '2020-09-18 08:39:56', NULL),
--(259, 'Ðình Trung', '0984359789', 'CE2151', 'nguyen6467@gmail.com', '4a5f78b66032f62d126b6595e2d344bf', '0000-00-00', 2, NULL, 1, '2020-10-31 22:46:53', NULL),
--(260, 'Khắc Trọng', '0960307920', 'CE3864', 'nguyen1630@gmail.com', '592cdd5fd643995330131d9126153fee', '0000-00-00', 2, NULL, 1, '2020-07-27 03:36:17', NULL),
--(261, 'Khắc Trọng', '0962419092', 'CE2481', 'nguyen6097@gmail.com', '090438372daf88088f75cfdd72487ed7', '0000-00-00', 2, NULL, 1, '2020-04-14 02:10:01', NULL),
--(262, 'Quang Trọng', '0927296874', 'CE7874', 'nguyen9639@gmail.com', '78b0b0aa78236f4511e95e5ffd2bcf05', '0000-00-00', 2, NULL, 1, '2020-07-07 21:46:08', NULL),
--(263, 'Tấn Trình', '0912488893', 'CE2519', 'nguyen3808@gmail.com', '84e2ed8529d6a943cadda0c20844ea55', '0000-00-00', 2, NULL, 1, '2020-01-25 22:41:09', NULL),
--(264, 'Ðình Trung', '0933950614', 'CE3138', 'nguyen1400@gmail.com', '3284a8ab3aabbcd1337e4faddd5d2caa', '0000-00-00', 2, NULL, 1, '2020-01-17 21:45:36', NULL),
--(265, 'Ngọc Trụ', '0990000392', 'CE3190', 'nguyen2263@gmail.com', '87b96ed4c530e7a79fe6bc89007d54e3', '0000-00-00', 2, NULL, 1, '2020-05-13 13:03:20', NULL),
--(266, 'Khắc Trọng', '0939679400', 'CE4422', 'nguyen3564@gmail.com', 'adc779291319f8703fd9f82479df82e5', '0000-00-00', 2, NULL, 1, '2020-09-25 03:57:25', NULL),
--(267, 'Ngọc Trụ', '0999509447', 'CE5377', 'nguyen5824@gmail.com', 'ec30040ea7238b24a6cc93fc8864f0f2', '0000-00-00', 2, NULL, 1, '2020-07-05 05:02:13', NULL),
--(268, 'Ðắc Trọng', '0966211850', 'CE3790', 'nguyen3423@gmail.com', '4a8e7d11e898797b56810dc8f58becf0', '0000-00-00', 2, NULL, 1, '2020-05-11 21:15:29', NULL),
--(269, 'Quốc Trụ', '0923462440', 'CE5995', 'nguyen8698@gmail.com', 'e422d37c9dae75640d27210f4bc869cd', '0000-00-00', 2, NULL, 1, '2020-02-15 17:54:40', NULL),
--(270, 'Quang Trọng', '0913937133', 'CE9764', 'nguyen2407@gmail.com', '13741672ac358538286e8a204201c5e2', '0000-00-00', 2, NULL, 1, '2020-09-05 13:33:16', NULL),
--(271, 'Quang Trọng', '0925956389', 'CE5049', 'nguyen2948@gmail.com', '424a22c3b79745a53b9880d32ca04420', '0000-00-00', 2, NULL, 1, '2020-06-05 20:25:34', NULL),
--(272, 'Quốc Trụ', '0993321109', 'CE7973', 'nguyen1342@gmail.com', '0f2fa8be8c9723871b328afe066086ca', '0000-00-00', 2, NULL, 1, '2020-06-11 14:24:54', NULL),
--(273, 'Tấn Trình', '0947979841', 'CE9008', 'nguyen4173@gmail.com', 'c06b5993e1ee97da357f2425d4d3a815', '0000-00-00', 2, NULL, 1, '2020-07-02 13:30:46', NULL),
--(274, 'Quốc Trụ', '0982437761', 'CE1195', 'nguyen3558@gmail.com', '2ccccff11daab1b2d8993ee47e7ac14b', '0000-00-00', 2, NULL, 1, '2020-08-30 23:32:38', NULL),
--(275, 'Quang Trọng', '0954362533', 'CE9901', 'nguyen1921@gmail.com', 'c05d6409f404615c8e1670aa2a8026f0', '0000-00-00', 2, NULL, 1, '2020-09-26 04:49:46', NULL),
--(276, 'Ðắc Trọng', '0959134024', 'CE6722', 'nguyen8369@gmail.com', 'b20a7eb030efedb43c6421374fea4899', '0000-00-00', 2, NULL, 1, '2020-01-22 11:55:08', NULL),
--(277, 'Khắc Trọng', '0919423326', 'CE7944', 'nguyen2272@gmail.com', 'a45f684e0482d3ffd692f57cafdfc8ca', '0000-00-00', 2, NULL, 1, '2020-03-27 21:47:10', NULL),
--(278, 'Quang Trọng', '0991024006', 'CE9445', 'nguyen7684@gmail.com', '303925e81f14adc86529fd693c2be8be', '0000-00-00', 2, NULL, 1, '2020-06-27 03:53:14', NULL),
--(279, 'Ngọc Trụ', '0978385489', 'CE1161', 'nguyen1312@gmail.com', '61ac911a17fa9215bdd7ec30a6fbcb0d', '0000-00-00', 2, NULL, 1, '2020-03-30 13:14:32', NULL),
--(280, 'Tấn Trình', '0916674234', 'CE4258', 'nguyen2498@gmail.com', 'fb58fd70fff9573c288a7c63b338f29d', '0000-00-00', 2, NULL, 1, '2020-04-05 06:01:12', NULL),
--(281, 'Tấn Trình', '0939037490', 'CE8562', 'nguyen6121@gmail.com', 'd7d381acd2eb9aab2459100d19ed3d73', '0000-00-00', 2, NULL, 1, '2020-03-06 06:57:17', NULL),
--(282, 'Ngọc Trụ', '0966611292', 'CE9908', 'nguyen8762@gmail.com', 'b5e8195b418e951d849237718dff20e9', '0000-00-00', 2, NULL, 1, '2020-05-19 22:18:22', NULL),
--(283, 'Ngọc Trụ', '0996492819', 'CE4021', 'nguyen8411@gmail.com', '3e215038628e9e4c615cb8e3235bed64', '0000-00-00', 2, NULL, 1, '2020-03-17 01:09:44', NULL),
--(284, 'Ngọc Trụ', '0994723418', 'CE7998', 'nguyen7368@gmail.com', '80754aaa61d312d9daf6aa7daf929056', '0000-00-00', 2, NULL, 1, '2020-03-04 19:12:10', NULL),
--(285, 'Quang Trọng', '0955342191', 'CE5793', 'nguyen4999@gmail.com', '291eebba5e10dcba1d971bd006239783', '0000-00-00', 2, NULL, 1, '2020-05-01 04:53:59', NULL),
--(286, 'Tấn Trình', '0959628019', 'CE4630', 'nguyen7168@gmail.com', 'f287d09f86039e8bfe08742d79b1ea1c', '0000-00-00', 2, NULL, 1, '2020-05-21 08:48:23', NULL),
--(287, 'Ðắc Trọng', '0950335013', 'CE3972', 'nguyen1373@gmail.com', 'abc6a9d80db02336f022b62a8d767f1d', '0000-00-00', 2, NULL, 1, '2020-01-24 15:45:14', NULL),
--(288, 'Ngọc Trụ', '0921687667', 'CE5010', 'nguyen5724@gmail.com', 'c5dde2d5dc058e3a55eb8bf00650f077', '0000-00-00', 2, NULL, 1, '2020-12-17 06:12:34', NULL),
--(289, 'Ðắc Trọng', '0951137046', 'CE7695', 'nguyen5650@gmail.com', '0ede2d5d32b4a1eeacdc3f8a5f3165f9', '0000-00-00', 2, NULL, 1, '2020-07-30 14:48:49', NULL),
--(290, 'Ðình Trung', '0985840481', 'CE7115', 'nguyen8280@gmail.com', '259b6d3793422d815566d350a708b3c0', '0000-00-00', 2, NULL, 1, '2020-01-06 14:58:58', NULL),
--(291, 'Ðình Trung', '0949752764', 'CE2634', 'nguyen1962@gmail.com', 'c634638f4509c4ea128294f5b28adb5c', '0000-00-00', 2, NULL, 1, '2020-02-15 21:14:26', NULL),
--(292, 'Quốc Trụ', '0948273639', 'CE6351', 'nguyen1528@gmail.com', '869a4bab623e58bb3eaaa639181dcdec', '0000-00-00', 2, NULL, 1, '2020-01-16 21:17:55', NULL),
--(293, 'Ðắc Trọng', '0974668392', 'CE8798', 'nguyen2129@gmail.com', '9d714a4e5204db7ad72bc618da5a0e31', '0000-00-00', 2, NULL, 1, '2020-01-30 18:57:16', NULL),
--(294, 'Ðắc Trọng', '0942839541', 'CE1325', 'nguyen7554@gmail.com', 'ced372002672a55ca18b030ffc26a3b3', '0000-00-00', 2, NULL, 1, '2020-08-09 01:46:52', NULL),
--(295, 'Ngọc Trụ', '0952512344', 'CE5164', 'nguyen2328@gmail.com', 'e2df43f3997708f822ead2a512054fe2', '0000-00-00', 2, NULL, 1, '2020-07-25 16:07:48', NULL),
--(296, 'Khắc Trọng', '0950365929', 'CE9359', 'nguyen9318@gmail.com', 'fa92dc9d93c40bf1699cb3bdcb7be4d2', '0000-00-00', 2, NULL, 1, '2020-06-02 10:26:21', NULL),
--(297, 'Quang Trọng', '0993193274', 'CE6581', 'nguyen7981@gmail.com', '9527a0edb8b9b42fcc7822d483693a10', '0000-00-00', 2, NULL, 1, '2020-06-18 00:57:19', NULL),
--(298, 'Ngọc Trụ', '0937845598', 'CE5035', 'nguyen7451@gmail.com', '54ea34665d8c9cb519199db2f09981c6', '0000-00-00', 2, NULL, 1, '2020-07-22 12:11:44', NULL),
--(299, 'Quốc Trụ', '0925979822', 'CE3665', 'nguyen4614@gmail.com', 'b9e280d7a255933284aac4220e20b2a2', '0000-00-00', 2, NULL, 1, '2020-02-20 12:47:51', NULL),
--(300, 'Tấn Trình', '0952046010', 'CE4906', 'nguyen4929@gmail.com', '03f271cc4bddafaf62ec393ae49c7040', '0000-00-00', 2, NULL, 1, '2020-09-15 22:10:42', NULL),
--(301, 'Ðắc Trọng', '0940186642', 'CE8974', 'nguyen8787@gmail.com', 'a723d78365a5a68fc5e2f854c406b450', '0000-00-00', 2, NULL, 1, '2020-07-18 18:22:25', NULL),
--(302, 'Quốc Trụ', '0974095543', 'CE5921', 'nguyen6968@gmail.com', '346ccc383267386abb262d81a3bedf8a', '0000-00-00', 2, NULL, 1, '2020-11-23 21:59:03', NULL),
--(303, 'Tấn Trình', '0960889082', 'CE1977', 'nguyen5947@gmail.com', 'ac235e63028238fc5ac153f7c44dfb09', '0000-00-00', 2, NULL, 1, '2020-09-06 06:17:22', NULL),
--(304, 'Khắc Trọng', '0940364339', 'CE5476', 'nguyen5067@gmail.com', 'd007f809d82ae9528165ac9c097c90ee', '0000-00-00', 2, NULL, 1, '2020-11-15 20:35:50', NULL),
--(305, 'Quang Trọng', '0947271557', 'CE8011', 'nguyen7322@gmail.com', '9b9870a41dd1fcd992bba1b272beb111', '0000-00-00', 2, NULL, 1, '2020-01-16 06:19:57', NULL),
--(306, 'Ngọc Trụ', '0931210541', 'CE8422', 'nguyen2265@gmail.com', '1a36364c58cdb5d250b30d80a41ef314', '0000-00-00', 2, NULL, 1, '2020-12-18 19:37:00', NULL),
--(307, 'Quốc Trụ', '0945665005', 'CE9624', 'nguyen6435@gmail.com', 'a047858f885f187bd7a9160e05cec457', '0000-00-00', 2, NULL, 1, '2020-11-21 23:36:48', NULL),
--(308, 'Ngọc Trụ', '0932143821', 'CE4195', 'nguyen7314@gmail.com', 'eb3cb73d302ae1267ccac8bff63fc99b', '0000-00-00', 2, NULL, 1, '2020-10-19 15:13:38', NULL),
--(309, 'Quốc Trụ', '0975405099', 'CE1396', 'nguyen4259@gmail.com', '2991769ab11984fe35eda0c84c013e63', '0000-00-00', 2, NULL, 1, '2020-11-09 05:14:02', NULL),
--(310, 'Ngọc Trụ', '0990459909', 'CE3221', 'nguyen4146@gmail.com', '3289f592a3ea534640599487e753e5b8', '0000-00-00', 2, NULL, 1, '2020-09-17 09:06:49', NULL),
--(311, 'Tấn Trình', '0917694103', 'CE6239', 'nguyen2857@gmail.com', 'a9388b4ef907f2041e3dcf0c38eff82c', '0000-00-00', 2, NULL, 1, '2020-06-20 00:09:16', NULL),
--(312, 'Quang Trọng', '0999608585', 'CE2077', 'nguyen7103@gmail.com', 'cce2c271fc3310f1f040b05d6766774f', '0000-00-00', 2, NULL, 1, '2020-11-22 14:19:11', NULL),
--(313, 'Tấn Trình', '0966422967', 'CE1932', 'nguyen4799@gmail.com', '53accd8eba2150de739519b5cbad02ad', '0000-00-00', 2, NULL, 1, '2020-06-16 05:22:49', NULL),
--(314, 'Ðình Trung', '0999433141', 'CE4788', 'nguyen3180@gmail.com', 'b1820a4bb9b0c78e3e8591ba3a0e4754', '0000-00-00', 2, NULL, 1, '2020-08-03 10:48:41', NULL),
--(315, 'Ngọc Trụ', '0970598810', 'CE7911', 'nguyen2759@gmail.com', '11b72110c5e822b25449faf53166c31f', '0000-00-00', 2, NULL, 1, '2020-08-28 14:54:18', NULL),
--(316, 'Khắc Trọng', '0924178950', 'CE7232', 'nguyen4218@gmail.com', '7ea9b4aeb89a9e1ce51b5ac5c37872ff', '0000-00-00', 2, NULL, 1, '2020-08-01 14:25:18', NULL),
--(317, 'Ðình Trung', '0929959629', 'CE3113', 'nguyen4379@gmail.com', '7286d9297b71bf0f772f28e314d23f90', '0000-00-00', 2, NULL, 1, '2020-09-22 05:21:41', NULL),
--(318, 'Khắc Trọng', '0932064330', 'CE6192', 'nguyen8896@gmail.com', '2721ffa73304dfc99b898c4a8be152d1', '0000-00-00', 2, NULL, 1, '2020-03-05 18:13:53', NULL),
--(319, 'Khắc Trọng', '0956605365', 'CE2591', 'nguyen2259@gmail.com', 'f9f0fbf9a4f7fef96abca8029ce88cb5', '0000-00-00', 2, NULL, 1, '2020-06-14 02:32:30', NULL),
--(320, 'Ngọc Trụ', '0934592410', 'CE3500', 'nguyen3541@gmail.com', 'c36eb6734c397858d37471b1693e9813', '0000-00-00', 2, NULL, 1, '2020-01-17 13:05:33', NULL),
--(321, 'Khắc Trọng', '0936077616', 'CE3190', 'nguyen8723@gmail.com', 'e46257d22dea66597dca5b9455bdcdb2', '0000-00-00', 2, NULL, 1, '2020-02-16 22:09:12', NULL),
--(322, 'Quốc Trụ', '0958496774', 'CE2444', 'nguyen5470@gmail.com', '375e4dc189fb7113cb95f66900184316', '0000-00-00', 2, NULL, 1, '2020-07-04 07:11:37', NULL),
--(323, 'Ðắc Trọng', '0958059891', 'CE1498', 'nguyen7128@gmail.com', '51fcb20b84e95fff00fa0c6a8ae967a0', '0000-00-00', 2, NULL, 1, '2020-09-26 07:37:30', NULL),
--(324, 'Ðắc Trọng', '0923458366', 'CE8465', 'nguyen2685@gmail.com', 'ebaaaa6f75efa95bf8b7373ecbb2ff26', '0000-00-00', 2, NULL, 1, '2020-12-18 12:21:01', NULL),
--(325, 'Ðắc Trọng', '0997189082', 'CE7593', 'nguyen8021@gmail.com', '61002f14b0cee03a025809e6ceddd2ee', '0000-00-00', 2, NULL, 1, '2020-10-03 09:15:17', NULL),
--(326, 'Khắc Trọng', '0930021203', 'CE6886', 'nguyen1569@gmail.com', '1b605db5ab4de87b1811aa5e92f0bb4b', '0000-00-00', 2, NULL, 1, '2020-09-24 10:01:13', NULL),
--(327, 'Quang Trọng', '0985193996', 'CE4525', 'nguyen2982@gmail.com', '22d87d7cafc0951a0d87bdc086312120', '0000-00-00', 2, NULL, 1, '2020-10-27 03:23:30', NULL),
--(328, 'Ngọc Trụ', '0928045423', 'CE8851', 'nguyen6494@gmail.com', '00bb479d435f819f19d2879386b8a4a9', '0000-00-00', 2, NULL, 1, '2020-05-03 16:56:45', NULL),
--(329, 'Khắc Trọng', '0952128786', 'CE4464', 'nguyen4605@gmail.com', '837f8656df9920c894fb9fe5aa83392c', '0000-00-00', 2, NULL, 1, '2020-05-10 19:03:06', NULL),
--(330, 'Ngọc Trụ', '0930984629', 'CE2444', 'nguyen4597@gmail.com', '3cb59fac468cf7209186371637efbf61', '0000-00-00', 2, NULL, 1, '2020-09-13 23:26:15', NULL),
--(331, 'Tấn Trình', '0977061795', 'CE3866', 'nguyen2108@gmail.com', '284f2c63342dd5d6381d79254c54f3cc', '0000-00-00', 2, NULL, 1, '2020-05-11 23:27:24', NULL),
--(332, 'Ngọc Trụ', '0925775104', 'CE2357', 'nguyen3882@gmail.com', '69a8582b7f85d94e94e565e4fe81e71d', '0000-00-00', 2, NULL, 1, '2020-01-22 06:45:47', NULL),
--(333, 'Ngọc Trụ', '0980046488', 'CE3173', 'nguyen5651@gmail.com', '3b92d3958191e575890c44cc22af93e6', '0000-00-00', 2, NULL, 1, '2020-01-29 17:51:53', NULL),
--(334, 'Ngọc Trụ', '0934388208', 'CE6006', 'nguyen9577@gmail.com', 'c893f41049bf74755dbdf22e292d5941', '0000-00-00', 2, NULL, 1, '2020-03-10 14:56:49', NULL),
--(335, 'Quốc Trụ', '0953696718', 'CE8793', 'nguyen2429@gmail.com', '12a48de0a7f208d6b1325d2e1d06446c', '0000-00-00', 2, NULL, 1, '2020-11-05 00:55:45', NULL),
--(336, 'Tấn Trình', '0962966042', 'CE9065', 'nguyen4203@gmail.com', '68af9597e93a4add0220f22c6b57e49f', '0000-00-00', 2, NULL, 1, '2020-03-17 21:09:01', NULL),
--(337, 'Ðắc Trọng', '0937359524', 'CE9491', 'nguyen9752@gmail.com', '02c5b3e5a4dc6edf41d6dbec8c3a9c6b', '0000-00-00', 2, NULL, 1, '2020-04-12 07:47:16', NULL),
--(338, 'Khắc Trọng', '0997359404', 'CE1901', 'nguyen1723@gmail.com', '65ee0fc52e94988598fe9122b609c003', '0000-00-00', 2, NULL, 1, '2020-09-07 17:05:14', NULL),
--(339, 'Quang Trọng', '0955271877', 'CE1425', 'nguyen2794@gmail.com', '79a18c3aa002a5e21dc119eb3c401523', '0000-00-00', 2, NULL, 1, '2020-06-08 11:52:10', NULL),
--(340, 'Khắc Trọng', '0914701801', 'CE4231', 'nguyen7349@gmail.com', 'bc725e289462a22070080682f73a5bdf', '0000-00-00', 2, NULL, 1, '2020-11-08 10:46:11', NULL),
--(341, 'Ðình Trung', '0954097686', 'CE5480', 'nguyen4469@gmail.com', '2b49158537461d1b5b66ca6ab7f46b74', '0000-00-00', 2, NULL, 1, '2020-04-15 09:18:30', NULL),
--(342, 'Tấn Trình', '0951886867', 'CE7010', 'nguyen6128@gmail.com', '4eb6927f523efe20413ccd84189427b7', '0000-00-00', 2, NULL, 1, '2020-07-23 01:50:10', NULL),
--(343, 'Ngọc Trụ', '0988434979', 'CE7274', 'nguyen5180@gmail.com', 'd8d4910276814855db742d65597b75c7', '0000-00-00', 2, NULL, 1, '2020-07-13 12:29:07', NULL),
--(344, 'Tấn Trình', '0934603306', 'CE3056', 'nguyen5815@gmail.com', 'ca72c45c4658f6c0a7d54bb2133d8fb3', '0000-00-00', 2, NULL, 1, '2020-12-28 18:49:06', NULL),
--(345, 'Khắc Trọng', '0956344185', 'CE9678', 'nguyen4655@gmail.com', '2ad03e348bff194fa0892d5b148d6db1', '0000-00-00', 2, NULL, 1, '2020-12-05 18:30:53', NULL),
--(346, 'Khắc Trọng', '0914685787', 'CE1652', 'nguyen2884@gmail.com', 'b6d1ae750ca623f9ad6df3d6d534e445', '0000-00-00', 2, NULL, 1, '2020-07-24 21:14:08', NULL),
--(347, 'Ðắc Trọng', '0975287894', 'CE1070', 'nguyen3783@gmail.com', 'e0b2be2e2357eaca493477e1afefbbe0', '0000-00-00', 2, NULL, 1, '2020-01-29 17:57:23', NULL),
--(348, 'Ngọc Trụ', '0933712660', 'CE9666', 'nguyen2733@gmail.com', 'e17b9642b3a1fa31d308ee5ec71b0279', '0000-00-00', 2, NULL, 1, '2020-07-24 05:44:10', NULL),
--(349, 'Tấn Trình', '0928667349', 'CE6902', 'nguyen8215@gmail.com', '1bcb39fac76031bbd6a2f67ac9a18231', '0000-00-00', 2, NULL, 1, '2020-04-27 15:47:38', NULL),
--(350, 'Quốc Trụ', '0939598191', 'CE9060', 'nguyen4328@gmail.com', 'bca559818b42a9ab852bdd31fc542040', '0000-00-00', 2, NULL, 1, '2020-05-21 13:42:49', NULL),
--(351, 'Tấn Trình', '0986550550', 'CE7292', 'nguyen2068@gmail.com', '03ee4902c1f3c2c71c8914a88866593d', '0000-00-00', 2, NULL, 1, '2020-11-27 17:42:50', NULL),
--(352, 'Tấn Trình', '0926566393', 'CE9043', 'nguyen8943@gmail.com', '328ece6cad2d225ceb999cd4ace8d242', '0000-00-00', 2, NULL, 1, '2020-07-26 23:45:31', NULL),
--(353, 'Ðắc Trọng', '0995169974', 'CE9629', 'nguyen6949@gmail.com', 'dc1171bf5d9b5b69e3150f7c5db03665', '0000-00-00', 2, NULL, 1, '2020-08-04 19:25:15', NULL),
--(354, 'Ðắc Trọng', '0919715179', 'CE1741', 'nguyen7233@gmail.com', '624dbc8f11e7f083588e91364fdccfb5', '0000-00-00', 2, NULL, 1, '2020-11-06 04:31:19', NULL),
--(355, 'Quang Trọng', '0977016481', 'CE6262', 'nguyen8641@gmail.com', 'f453ee0083e4572df1db276bc6600431', '0000-00-00', 2, NULL, 1, '2020-10-15 03:37:16', NULL),
--(356, 'Quốc Trụ', '0985250580', 'CE8889', 'nguyen8048@gmail.com', '4403f62b648a5bffc57f049c0c2c50e0', '0000-00-00', 2, NULL, 1, '2020-02-08 04:02:50', NULL),
--(357, 'Quang Trọng', '0975465891', 'CE8492', 'nguyen3950@gmail.com', 'e832edf32021efce571e94ffa77816c7', '0000-00-00', 2, NULL, 1, '2020-06-26 20:05:04', NULL),
--(358, 'Ngọc Trụ', '0934953515', 'CE2415', 'nguyen9221@gmail.com', 'b215df3304b66581d1aba29edb7857a9', '0000-00-00', 2, NULL, 1, '2020-10-14 01:39:42', NULL),
--(359, 'Tấn Trình', '0926631662', 'CE5787', 'nguyen1380@gmail.com', '5b4db0f34cf556300a426df022c2a63b', '0000-00-00', 2, NULL, 1, '2020-11-15 17:47:44', NULL),
--(360, 'Ngọc Trụ', '0963265476', 'CE9602', 'nguyen8132@gmail.com', '93568cc2a33dec96c979a06268ed732a', '0000-00-00', 2, NULL, 1, '2020-01-25 02:39:18', NULL),
--(361, 'Khắc Trọng', '0980482727', 'CE3863', 'nguyen8258@gmail.com', '1a360de3c96ff22e9f2ef5dcd50c67f3', '0000-00-00', 2, NULL, 1, '2020-10-05 19:06:27', NULL),
--(362, 'Quang Trọng', '0966444361', 'CE5445', 'nguyen7597@gmail.com', '0c9eea444e96b618e078a4d55a09591b', '0000-00-00', 2, NULL, 1, '2020-02-05 11:24:07', NULL),
--(363, 'Tấn Trình', '0922242404', 'CE8379', 'nguyen1385@gmail.com', 'd1fb58923044bf0d1b1d10c2c498a9b6', '0000-00-00', 2, NULL, 1, '2020-02-06 06:57:04', NULL),
--(364, 'Quốc Trụ', '0997599730', 'CE4393', 'nguyen8876@gmail.com', 'f3819470b3f7188a48f713b66bcef2ed', '0000-00-00', 2, NULL, 1, '2020-12-08 06:37:04', NULL),
--(365, 'Quang Trọng', '0988912161', 'CE9874', 'nguyen2700@gmail.com', 'fce7c376ddf6337055f4694ab75ef40e', '0000-00-00', 2, NULL, 1, '2020-10-18 02:23:08', NULL),
--(366, 'Ðắc Trọng', '0919457903', 'CE7175', 'nguyen8267@gmail.com', '4faa0ea650c6c3e5597bbb2d251e8825', '0000-00-00', 2, NULL, 1, '2020-02-07 13:12:18', NULL),
--(367, 'Tấn Trình', '0979280036', 'CE3420', 'nguyen5991@gmail.com', '3a0acab4b4347a186093d9e79c165a64', '0000-00-00', 2, NULL, 1, '2020-11-25 19:20:28', NULL),
--(368, 'Quang Trọng', '0996639076', 'CE8124', 'nguyen2969@gmail.com', 'f20255466db27ab0f00064e15ce76bb7', '0000-00-00', 2, NULL, 1, '2020-02-07 02:36:52', NULL),
--(369, 'Khắc Trọng', '0992063807', 'CE8263', 'nguyen3480@gmail.com', '1c6d8cfaeac17dd54dbde20073a2bf27', '0000-00-00', 2, NULL, 1, '2020-04-13 19:19:23', NULL),
--(370, 'Khắc Trọng', '0934559944', 'CE9994', 'nguyen1436@gmail.com', 'c428e8b6ae50ee6becc30bd22c96f026', '0000-00-00', 2, NULL, 1, '2020-12-19 13:47:04', NULL),
--(371, 'Quang Trọng', '0984782788', 'CE8898', 'nguyen5822@gmail.com', 'f6331cd4fd8764d7116e50c71d797c7c', '0000-00-00', 2, NULL, 1, '2020-10-14 09:02:55', NULL),
--(372, 'Ðình Trung', '0937881480', 'CE6588', 'nguyen1808@gmail.com', '4ef1c1dabe7269a8da4696d94567b9a2', '0000-00-00', 2, NULL, 1, '2020-08-07 06:27:49', NULL),
--(373, 'Quang Trọng', '0955382485', 'CE9130', 'nguyen2782@gmail.com', '1a5da67a5038124aba40ab498c3e4c50', '0000-00-00', 2, NULL, 1, '2020-08-02 15:51:57', NULL),
--(374, 'Tấn Trình', '0991143917', 'CE8863', 'nguyen8844@gmail.com', 'aacc2aab9de7f26f6beadd2dae1f24ab', '0000-00-00', 2, NULL, 1, '2020-02-10 18:13:12', NULL),
--(375, 'Ngọc Trụ', '0935129246', 'CE2473', 'nguyen4060@gmail.com', 'f246b05626fbbc506306344880788abc', '0000-00-00', 2, NULL, 1, '2020-04-30 13:57:27', NULL),
--(376, 'Khắc Trọng', '0978649156', 'CE1106', 'nguyen9874@gmail.com', '61a972fb1c2485aacb999f0ad8dfc25c', '0000-00-00', 2, NULL, 1, '2020-10-20 19:12:02', NULL),
--(377, 'Ðắc Trọng', '0974618778', 'CE3079', 'nguyen2704@gmail.com', '925c6c964c4cea0e6761806e7a3804ff', '0000-00-00', 2, NULL, 1, '2020-02-27 16:57:51', NULL),
--(378, 'Ðình Trung', '0936064659', 'CE3255', 'nguyen2284@gmail.com', '2bb50b49120ae0fcdc4b5911b90ee65b', '0000-00-00', 2, NULL, 1, '2020-12-13 20:42:31', NULL),
--(379, 'Khắc Trọng', '0963197887', 'CE2532', 'nguyen9482@gmail.com', 'd8f976fdc3fab4f9043fe4d152b3c70d', '0000-00-00', 2, NULL, 1, '2020-04-03 06:55:01', NULL),
--(380, 'Ðình Trung', '0920559044', 'CE9760', 'nguyen1414@gmail.com', 'f7ff04f7481f93028a76147745b1d720', '0000-00-00', 2, NULL, 1, '2020-12-20 06:24:15', NULL),
--(381, 'Ðắc Trọng', '0996090687', 'CE5417', 'nguyen8781@gmail.com', '13c023429e1a4297c0133f056e1c2024', '0000-00-00', 2, NULL, 1, '2020-06-12 09:42:19', NULL),
--(382, 'Tấn Trình', '0992435613', 'CE1344', 'nguyen2288@gmail.com', '8de76b4d05cab2cf08a81cd84be67190', '0000-00-00', 2, NULL, 1, '2020-03-21 20:09:54', NULL),
--(383, 'Ngọc Trụ', '0986985939', 'CE7544', 'nguyen1522@gmail.com', '5fa371d23d2311e1c2f21b6c78f34cd3', '0000-00-00', 2, NULL, 1, '2020-05-02 00:27:17', NULL),
--(384, 'Ngọc Trụ', '0933770408', 'CE1423', 'nguyen2876@gmail.com', 'a0f1bd56bfc4d942c11fb2ca7ed13814', '0000-00-00', 2, NULL, 1, '2020-12-07 07:10:40', NULL),
--(385, 'Quang Trọng', '0942518255', 'CE9256', 'nguyen4067@gmail.com', 'efe163a1d81417db86e324b0790cf6c9', '0000-00-00', 2, NULL, 1, '2020-07-02 06:37:20', NULL),
--(386, 'Tấn Trình', '0915749926', 'CE9790', 'nguyen3690@gmail.com', 'c19907df90bc2e7b42075938f80977ce', '0000-00-00', 2, NULL, 1, '2020-06-03 00:14:25', NULL),
--(387, 'Quốc Trụ', '0966866118', 'CE2894', 'nguyen7527@gmail.com', 'c70bbaf0886a7e7018abcd4d361aad23', '0000-00-00', 2, NULL, 1, '2020-12-22 08:43:03', NULL),
--(388, 'Ðình Trung', '0988172908', 'CE9001', 'nguyen9941@gmail.com', '40893c73fcd0c96413e08ea80a947137', '0000-00-00', 2, NULL, 1, '2020-12-16 15:20:35', NULL),
--(389, 'Khắc Trọng', '0970659752', 'CE9635', 'nguyen1267@gmail.com', '914d43e2bffb50432161cc65e18d9446', '0000-00-00', 2, NULL, 1, '2020-09-23 09:35:47', NULL),
--(390, 'Quang Trọng', '0977309031', 'CE6441', 'nguyen4746@gmail.com', '6e9f3275b82d5d41b1554e41f3036a07', '0000-00-00', 2, NULL, 1, '2020-11-13 13:37:45', NULL),
--(391, 'Ngọc Trụ', '0917784397', 'CE8306', 'nguyen5849@gmail.com', '0a506c4cfc43f8af5aa3e2a67b6ad0bb', '0000-00-00', 2, NULL, 1, '2020-08-26 08:36:27', NULL),
--(392, 'Tấn Trình', '0943270412', 'CE8437', 'nguyen3366@gmail.com', '972ccc255e93f129479b388f0cc62010', '0000-00-00', 2, NULL, 1, '2020-11-01 17:01:11', NULL),
--(393, 'Quang Trọng', '0951428719', 'CE3898', 'nguyen7655@gmail.com', 'db325f1cfa8ea2dff2302365cf12bc3c', '0000-00-00', 2, NULL, 1, '2020-08-12 12:38:27', NULL),
--(394, 'Ngọc Trụ', '0925439199', 'CE8962', 'nguyen1232@gmail.com', '4c98d7e7085d78efda794d09fa3bb3ad', '0000-00-00', 2, NULL, 1, '2020-11-01 16:23:53', NULL),
--(395, 'Khắc Trọng', '0931050186', 'CE4348', 'nguyen1443@gmail.com', '4844a445fd94c950ebc8343a11d1641c', '0000-00-00', 2, NULL, 1, '2020-03-29 02:20:26', NULL),
--(396, 'Ðình Trung', '0955677786', 'CE4264', 'nguyen5165@gmail.com', '40764bc8b713f5f3fd7103e7b91b2b01', '0000-00-00', 2, NULL, 1, '2020-01-01 09:38:31', NULL);
--INSERT INTO `student` (`studentID`, `full_name`, `phone`, `studentCode`, `gmail`, `password`, `age`, `clb_id`, `reason`, `status`, `create_at`, `update_at`) VALUES
--(397, 'Khắc Trọng', '0968005491', 'CE1417', 'nguyen8860@gmail.com', '9bfe839fe01bc57a0e4451783915c475', '0000-00-00', 2, NULL, 1, '2020-02-24 15:12:13', NULL),
--(398, 'Quốc Trụ', '0939245307', 'CE7330', 'nguyen5963@gmail.com', '635d3fdd1fc76f50bc2b425fee2bf20d', '0000-00-00', 2, NULL, 1, '2020-02-22 23:02:11', NULL),
--(399, 'Tấn Trình', '0980731556', 'CE6483', 'nguyen5327@gmail.com', '47a6904cc2a85aa3773508d73953406c', '0000-00-00', 2, NULL, 1, '2020-02-16 01:02:47', NULL),
--(400, 'Ðình Trung', '0918871562', 'CE4878', 'nguyen6041@gmail.com', '6d4aaaa9d85a7e08dc7341ce869f5f6b', '0000-00-00', 2, NULL, 1, '2020-09-15 21:18:53', NULL),
--(401, 'Quang Trọng', '0913076666', 'CE9393', 'nguyen1704@gmail.com', '3c1b58472a1ef007a725a05b4ba073e9', '0000-00-00', 2, NULL, 1, '2020-09-14 13:21:21', NULL),
--(402, 'Khắc Trọng', '0971313759', 'CE2191', 'nguyen9507@gmail.com', 'e05fe0d4e061af40148a3545343c1e77', '0000-00-00', 2, NULL, 1, '2020-01-26 12:01:11', NULL),
--(403, 'Ðắc Trọng', '0927063117', 'CE4135', 'nguyen6560@gmail.com', '6ea5707fd3dbecdf6eab167ae36c7f54', '0000-00-00', 2, NULL, 1, '2020-02-20 04:41:38', NULL),
--(404, 'Khắc Trọng', '0994733782', 'CE8214', 'nguyen2362@gmail.com', '156be7d09530e5057da2f4abe89dfdd2', '0000-00-00', 2, NULL, 1, '2020-02-18 10:57:25', NULL),
--(405, 'Tấn Trình', '0986542604', 'CE2727', 'nguyen3629@gmail.com', 'e12b59cde170f28074fe1b7580da69b8', '0000-00-00', 2, NULL, 1, '2020-04-28 20:42:23', NULL),
--(406, 'Ðắc Trọng', '0997971322', 'CE9811', 'nguyen9795@gmail.com', 'fea15d24c0b1060c43f32a9e95d6bfa0', '0000-00-00', 2, NULL, 1, '2020-05-21 18:38:37', NULL),
--(407, 'Ðình Trung', '0993152777', 'CE4061', 'nguyen4676@gmail.com', '8732c724fd4ee02727fae3d3cc1776c2', '0000-00-00', 2, NULL, 1, '2020-04-26 06:06:15', NULL),
--(408, 'Ngọc Trụ', '0916420664', 'CE6372', 'nguyen2558@gmail.com', '45783550017fb4818485d5a4fa09f9ee', '0000-00-00', 2, NULL, 1, '2020-09-03 10:19:48', NULL),
--(409, 'Ðắc Trọng', '0915690720', 'CE5889', 'nguyen8415@gmail.com', 'b064169790431e1cea19098baaa0b675', '0000-00-00', 2, NULL, 1, '2020-03-28 06:56:10', NULL),
--(410, 'Khắc Trọng', '0929775993', 'CE3835', 'nguyen2957@gmail.com', 'b8db6b5efe22ab148da34036e42ab897', '0000-00-00', 2, NULL, 1, '2020-08-21 23:18:03', NULL),
--(411, 'Quốc Trụ', '0993799352', 'CE2786', 'nguyen8652@gmail.com', 'd79e41916bcd1281b207d2f857e04eb6', '0000-00-00', 2, NULL, 1, '2020-04-02 06:04:31', NULL),
--(412, 'Khắc Trọng', '0987034819', 'CE2498', 'nguyen8777@gmail.com', 'bb198624f73d0e7bee56d2bde873d48e', '0000-00-00', 2, NULL, 1, '2020-06-18 19:00:42', NULL),
--(413, 'Quốc Trụ', '0972867237', 'CE4172', 'nguyen9028@gmail.com', '4ec9ce682e12c6a0e0f37cea75e880f8', '0000-00-00', 2, NULL, 1, '2020-07-26 03:36:13', NULL),
--(414, 'Ngọc Trụ', '0938575360', 'CE8299', 'nguyen3409@gmail.com', 'c09f1ba62c9ae5623cb55734b83510de', '0000-00-00', 2, NULL, 1, '2020-05-30 21:24:22', NULL),
--(415, 'Ðình Trung', '0927658560', 'CE6858', 'nguyen5651@gmail.com', '71184a6dd5ef8e31e284f44977b8aa40', '0000-00-00', 2, NULL, 1, '2020-10-18 06:04:34', NULL),
--(416, 'Quốc Trụ', '0979256105', 'CE7634', 'nguyen7160@gmail.com', 'fcb4edb21eb7b90d8b3494d724e4b178', '0000-00-00', 2, NULL, 1, '2020-01-20 07:11:31', NULL),
--(417, 'Ðình Trung', '0982974878', 'CE5462', 'nguyen3649@gmail.com', '4ba643e12f0ee0906ab59fcb1b0922a7', '0000-00-00', 2, NULL, 1, '2020-12-12 18:49:18', NULL),
--(418, 'Khắc Trọng', '0914607939', 'CE8750', 'nguyen3200@gmail.com', '7cd00c6e3b4faeb63f64f2187619fe6e', '0000-00-00', 2, NULL, 1, '2020-08-19 05:12:00', NULL),
--(419, 'Ngọc Trụ', '0987334352', 'CE1588', 'nguyen3540@gmail.com', '28d865117dd74a0e7a0c986dc580eb6e', '0000-00-00', 2, NULL, 1, '2020-04-27 15:17:59', NULL),
--(420, 'Quốc Trụ', '0983599601', 'CE9211', 'nguyen9963@gmail.com', '87807a52e77447c7689e2c83e5927161', '0000-00-00', 2, NULL, 1, '2020-11-19 07:20:52', NULL),
--(421, 'Khắc Trọng', '0996685679', 'CE9056', 'nguyen9578@gmail.com', 'b43af0d92d575d1e620c1d51ba38c2cf', '0000-00-00', 2, NULL, 1, '2020-06-03 15:52:13', NULL),
--(422, 'Quang Trọng', '0945178978', 'CE1450', 'nguyen2495@gmail.com', '1b2b385c473a56fd3778c752b7a00214', '0000-00-00', 2, NULL, 1, '2020-02-11 21:19:31', NULL),
--(423, 'Tấn Trình', '0955847813', 'CE2993', 'nguyen4182@gmail.com', '4ba90f7e12ebeff7639a5a3b23f59006', '0000-00-00', 2, NULL, 1, '2020-05-31 13:25:22', NULL),
--(424, 'Ngọc Trụ', '0928603502', 'CE8171', 'nguyen3364@gmail.com', '1a56473adaf3fb5a9b599706afaac928', '0000-00-00', 2, NULL, 1, '2020-12-09 18:07:38', NULL),
--(425, 'Ngọc Trụ', '0998341782', 'CE1657', 'nguyen4404@gmail.com', '6a9ed6c58d3173a3851a5e4e6d5e0133', '0000-00-00', 2, NULL, 1, '2020-12-05 15:05:08', NULL),
--(426, 'Quốc Trụ', '0927016087', 'CE8046', 'nguyen4699@gmail.com', 'ebe64cb596850a1ed5281e07f814cc88', '0000-00-00', 2, NULL, 1, '2020-04-02 20:04:58', NULL),
--(427, 'Ðắc Trọng', '0949373034', 'CE5812', 'nguyen4648@gmail.com', '1bf4615d572a66adfdbbed41bcd6cdcf', '0000-00-00', 2, NULL, 1, '2020-07-14 10:55:51', NULL),
--(428, 'Quang Trọng', '0920203762', 'CE6330', 'nguyen3639@gmail.com', '75f9728a05feba7fb164b753549f046a', '0000-00-00', 2, NULL, 1, '2020-11-18 06:50:09', NULL),
--(429, 'Quang Trọng', '0980586351', 'CE1283', 'nguyen1487@gmail.com', '4d6c89c42436c26cc4ba77474f30dcd4', '0000-00-00', 2, NULL, 1, '2020-05-26 02:24:32', NULL),
--(430, 'Ðắc Trọng', '0926091258', 'CE1621', 'nguyen2745@gmail.com', 'cc29cd7d8fceec0099986187c1fb6da0', '0000-00-00', 2, NULL, 1, '2020-07-13 15:54:55', NULL),
--(431, 'Ðắc Trọng', '0933212273', 'CE1324', 'nguyen3509@gmail.com', '3a5d0f02420d10791db6524dffc6b635', '0000-00-00', 2, NULL, 1, '2020-08-31 11:22:25', NULL),
--(432, 'Tấn Trình', '0999039917', 'CE1825', 'nguyen3823@gmail.com', '273bdcb633e35eae64c792b02810194a', '0000-00-00', 2, NULL, 1, '2020-08-04 14:58:25', NULL),
--(433, 'Tấn Trình', '0934261892', 'CE7349', 'nguyen9492@gmail.com', 'e1a223c59b7ccbde70d260ee40b1988d', '0000-00-00', 2, NULL, 1, '2020-01-12 20:45:13', NULL),
--(434, 'Ðắc Trọng', '0959097178', 'CE7215', 'nguyen2947@gmail.com', '84f5452528f911a79c4fb364c609416f', '0000-00-00', 2, NULL, 1, '2020-12-24 14:26:06', NULL),
--(435, 'Ðình Trung', '0919082974', 'CE3040', 'nguyen5836@gmail.com', '3f31e18f44d93175221d32f6fa7c404a', '0000-00-00', 2, NULL, 1, '2020-01-14 22:40:33', NULL),
--(436, 'Tấn Trình', '0966077381', 'CE9102', 'nguyen9527@gmail.com', '40e85f7760c60e4b206342255383cac8', '0000-00-00', 2, NULL, 1, '2020-05-14 05:27:57', NULL),
--(437, 'Ðắc Trọng', '0970572888', 'CE6866', 'nguyen2567@gmail.com', '4af5311cb5145daeb95bb2a23f114723', '0000-00-00', 2, NULL, 1, '2020-12-11 19:38:51', NULL),
--(438, 'Tấn Trình', '0982083489', 'CE1994', 'nguyen7671@gmail.com', '038a7dce574b3a72db2252e3420e296d', '0000-00-00', 2, NULL, 1, '2020-03-10 18:14:57', NULL),
--(439, 'Tấn Trình', '0960755443', 'CE6267', 'nguyen4542@gmail.com', 'ca6a3b611539b40b931f73aeecd657ff', '0000-00-00', 2, NULL, 1, '2020-05-24 20:06:08', NULL),
--(440, 'Ngọc Trụ', '0962759726', 'CE6126', 'nguyen4128@gmail.com', 'd35b322c20dfb127dda895f1bde28fb4', '0000-00-00', 2, NULL, 1, '2020-07-05 20:59:33', NULL),
--(441, 'Quốc Trụ', '0984500522', 'CE7515', 'nguyen9001@gmail.com', '50a5f77891e86cd2b9347b2f2797d133', '0000-00-00', 2, NULL, 1, '2020-01-27 07:31:44', NULL),
--(442, 'Quốc Trụ', '0963637572', 'CE8460', 'nguyen5943@gmail.com', '141fa3079ba5065c179d59c1c8d39ca2', '0000-00-00', 2, NULL, 1, '2020-02-28 21:13:28', NULL),
--(443, 'Ngọc Trụ', '0935932567', 'CE8190', 'nguyen6322@gmail.com', '20b3394bec7020696d56cf5e9d7f3557', '0000-00-00', 2, NULL, 1, '2020-12-01 14:37:09', NULL),
--(444, 'Ðình Trung', '0967612149', 'CE2909', 'nguyen6624@gmail.com', 'ac1c78c1ad696dd9c52608379fa8fe45', '0000-00-00', 2, NULL, 1, '2020-07-31 20:15:13', NULL),
--(445, 'Ngọc Trụ', '0994920542', 'CE5559', 'nguyen9210@gmail.com', '375e3ad92ca5b4fe07a6755c44c57929', '0000-00-00', 2, NULL, 1, '2020-07-16 19:27:45', NULL),
--(446, 'Ðình Trung', '0953125370', 'CE1637', 'nguyen9636@gmail.com', '5acf421a968192cdad5d82d8dbc81963', '0000-00-00', 2, NULL, 1, '2020-03-30 16:57:23', NULL),
--(447, 'Quang Trọng', '0942858013', 'CE3797', 'nguyen4968@gmail.com', 'e4390a7735a7d7cd33be870944be06fb', '0000-00-00', 2, NULL, 1, '2020-07-08 22:34:50', NULL),
--(448, 'Ðình Trung', '0917212368', 'CE1896', 'nguyen4100@gmail.com', '64eab975840e3e526c80baf6717cddb1', '0000-00-00', 2, NULL, 1, '2020-11-06 05:46:09', NULL),
--(449, 'Khắc Trọng', '0950767132', 'CE7718', 'nguyen1773@gmail.com', 'e066d6bddb7aa1d4bbf48fcce3de5e51', '0000-00-00', 2, NULL, 1, '2020-09-15 21:43:26', NULL),
--(450, 'Ðình Trung', '0936373830', 'CE8533', 'nguyen5980@gmail.com', 'eab0f15330fb1bc04ba6b398e8495cdd', '0000-00-00', 2, NULL, 1, '2020-11-26 22:41:08', NULL),
--(451, 'Quang Trọng', '0929195257', 'CE1549', 'nguyen2853@gmail.com', 'f86950bf2b3115c7bc72010c50dec421', '0000-00-00', 2, NULL, 1, '2020-07-17 02:26:05', NULL),
--(452, 'Khắc Trọng', '0984734861', 'CE1362', 'nguyen5577@gmail.com', '2c113ee46a0b68fba8422bb67efe5248', '0000-00-00', 2, NULL, 1, '2020-03-13 18:03:17', NULL),
--(453, 'Khắc Trọng', '0965378560', 'CE6973', 'nguyen4941@gmail.com', '467aacb690720c2631aa0c90a53cb75b', '0000-00-00', 2, NULL, 1, '2020-11-08 22:50:21', NULL),
--(454, 'Tấn Trình', '0922948181', 'CE6687', 'nguyen3833@gmail.com', 'f6423d71362fda6b59f7d96c6c55e11e', '0000-00-00', 2, NULL, 1, '2020-11-09 07:35:24', NULL),
--(455, 'Ngọc Trụ', '0997173817', 'CE6412', 'nguyen5332@gmail.com', 'c2ead3da5b3edc801d6be6b7360f053b', '0000-00-00', 2, NULL, 1, '2020-06-13 22:02:28', NULL),
--(456, 'Ðắc Trọng', '0998403377', 'CE9079', 'nguyen2045@gmail.com', 'f1bd6550d66446da805bfac907624420', '0000-00-00', 2, NULL, 1, '2020-06-30 05:02:21', NULL),
--(457, 'Quốc Trụ', '0982854527', 'CE4978', 'nguyen7828@gmail.com', '1aa9741b88c6253dd624317f8e12c870', '0000-00-00', 2, NULL, 1, '2020-04-13 06:11:45', NULL),
--(458, 'Ðình Trung', '0991726590', 'CE7557', 'nguyen9153@gmail.com', 'c5b88a9172f2858f7d19a9c0a0b90d8b', '0000-00-00', 2, NULL, 1, '2020-08-04 18:09:02', NULL),
--(459, 'Quang Trọng', '0960703968', 'CE9810', 'nguyen3975@gmail.com', 'a92c2ba3b67779439926c235a59d1997', '0000-00-00', 2, NULL, 1, '2020-10-11 15:51:22', NULL),
--(460, 'Ðắc Trọng', '0938694973', 'CE1100', 'nguyen5284@gmail.com', 'aed3c545a7114aab84646da05686b1dd', '0000-00-00', 2, NULL, 1, '2020-01-20 20:48:44', NULL),
--(461, 'Ngọc Trụ', '0934953062', 'CE6661', 'nguyen2567@gmail.com', 'bd19c4eedc2630c8c91fb91a97b4ad74', '0000-00-00', 2, NULL, 1, '2020-01-21 12:03:13', NULL),
--(462, 'Ngọc Trụ', '0966512951', 'CE3633', 'nguyen5652@gmail.com', 'cb798c63e0f6ee2cad7d8e7b7e44683e', '0000-00-00', 2, NULL, 1, '2020-04-08 16:34:06', NULL),
--(463, 'Ðắc Trọng', '0998722021', 'CE7277', 'nguyen9182@gmail.com', '2ee130b1ad60cf0f817346947ec99317', '0000-00-00', 2, NULL, 1, '2020-08-02 10:11:56', NULL),
--(464, 'Ðắc Trọng', '0945348464', 'CE8439', 'nguyen3689@gmail.com', 'd259af1789d8bf99c98808686dc0ab27', '0000-00-00', 2, NULL, 1, '2020-10-27 00:15:10', NULL),
--(465, 'Khắc Trọng', '0939921348', 'CE9483', 'nguyen9541@gmail.com', '9549ab42fe088f63886601431e269b99', '0000-00-00', 2, NULL, 1, '2020-12-20 18:14:58', NULL),
--(466, 'Ngọc Trụ', '0913405193', 'CE9277', 'nguyen5933@gmail.com', 'c0ad2bc3db27351e57bf9d30ad23d999', '0000-00-00', 2, NULL, 1, '2020-03-31 03:17:59', NULL),
--(467, 'Ðắc Trọng', '0931590657', 'CE5352', 'nguyen7603@gmail.com', 'e3f41afcb8d36f7f1946ac0cb52ce263', '0000-00-00', 2, NULL, 1, '2020-05-28 17:07:40', NULL),
--(468, 'Ðình Trung', '0916760953', 'CE8917', 'nguyen4798@gmail.com', '7378c11f5592e8a5f239991611b45f5b', '0000-00-00', 2, NULL, 1, '2020-01-18 08:23:03', NULL),
--(469, 'Khắc Trọng', '0914774865', 'CE5798', 'nguyen3676@gmail.com', '5aed76c82c54c44c916b439c85b238a5', '0000-00-00', 2, NULL, 1, '2020-02-05 20:52:21', NULL),
--(470, 'Quang Trọng', '0969977685', 'CE8694', 'nguyen3090@gmail.com', '3a32e30bd9a803da4b5613913eda057c', '0000-00-00', 2, NULL, 1, '2020-10-20 08:56:29', NULL),
--(471, 'Ðắc Trọng', '0956082820', 'CE5388', 'nguyen4989@gmail.com', '5000ba1c5f9351b5b2c7b27a8f4aa269', '0000-00-00', 2, NULL, 1, '2020-04-29 17:14:34', NULL),
--(472, 'Quang Trọng', '0925622831', 'CE4268', 'nguyen6204@gmail.com', '96994ee709204e397c281cec777600be', '0000-00-00', 2, NULL, 1, '2020-11-05 12:07:43', NULL),
--(473, 'Ðình Trung', '0985275963', 'CE6686', 'nguyen8592@gmail.com', '16406c5c6becd44af395882e082a8803', '0000-00-00', 2, NULL, 1, '2020-01-24 15:54:34', NULL),
--(474, 'Tấn Trình', '0996327690', 'CE4822', 'nguyen8283@gmail.com', '83b038f71901ca5043b2d43faab6d9ef', '0000-00-00', 2, NULL, 1, '2020-05-16 01:35:13', NULL),
--(475, 'Ngọc Trụ', '0994733087', 'CE3131', 'nguyen1417@gmail.com', '0a6f49b77e0064ad384640b97fb7bcc2', '0000-00-00', 2, NULL, 1, '2020-01-05 10:30:21', NULL),
--(476, 'Quang Trọng', '0928697560', 'CE2423', 'nguyen2520@gmail.com', '54b03a8dd2641b3db79109891dbf93eb', '0000-00-00', 2, NULL, 1, '2020-04-29 02:40:23', NULL),
--(477, 'Tấn Trình', '0986864036', 'CE1189', 'nguyen1696@gmail.com', '00687643fabc80f5964a1cbe124b5401', '0000-00-00', 2, NULL, 1, '2020-04-19 11:20:49', NULL),
--(478, 'Ðình Trung', '0917483355', 'CE4203', 'nguyen7579@gmail.com', 'e2c4bbc30e88fbb72fcabfe5805eb997', '0000-00-00', 2, NULL, 1, '2020-06-21 03:52:50', NULL),
--(479, 'Khắc Trọng', '0952594493', 'CE4717', 'nguyen9921@gmail.com', '22c8d62d7df733cdf6c6481404081d59', '0000-00-00', 2, NULL, 1, '2020-07-27 14:31:00', NULL),
--(480, 'Quang Trọng', '0917363984', 'CE5149', 'nguyen8027@gmail.com', '7a98b1c9af0ca7d9b3a14a971520a4c6', '0000-00-00', 2, NULL, 1, '2020-12-15 10:30:59', NULL),
--(481, 'Quang Trọng', '0970558261', 'CE6782', 'nguyen9383@gmail.com', '4a90e84d6dd9a16e7352fff6d762b280', '0000-00-00', 2, NULL, 1, '2020-08-11 05:49:15', NULL),
--(482, 'Ðắc Trọng', '0967423473', 'CE6362', 'nguyen7916@gmail.com', '86c3b21d10230702bbd7b3646fe083c7', '0000-00-00', 2, NULL, 1, '2020-06-27 01:56:38', NULL),
--(483, 'Khắc Trọng', '0945325227', 'CE8478', 'nguyen5549@gmail.com', '77040c74b1987b1cfea09f320d19a7cc', '0000-00-00', 2, NULL, 1, '2020-05-16 17:38:28', NULL),
--(484, 'Quốc Trụ', '0990433405', 'CE1105', 'nguyen9785@gmail.com', '7fddf9edbcb32a70306a8933b64c2449', '0000-00-00', 2, NULL, 1, '2020-12-10 08:04:42', NULL),
--(485, 'Ðắc Trọng', '0921251185', 'CE5928', 'nguyen2934@gmail.com', '975e5f7ec8ca96f9b025a2f588b44d66', '0000-00-00', 2, NULL, 1, '2020-06-22 01:32:21', NULL),
--(486, 'Ngọc Trụ', '0948817815', 'CE7849', 'nguyen2971@gmail.com', '4c9b37d67ea500b7240fa53756909c64', '0000-00-00', 2, NULL, 1, '2020-11-14 16:58:07', NULL),
--(487, 'Quang Trọng', '0955530191', 'CE3429', 'nguyen8545@gmail.com', 'b8f27b34951e17dc4ba37465ffc87b63', '0000-00-00', 2, NULL, 1, '2020-08-23 06:48:20', NULL),
--(488, 'Ngọc Trụ', '0986216494', 'CE4415', 'nguyen2414@gmail.com', 'f45a899dbc76cbe6ad4f15bd767fe199', '0000-00-00', 2, NULL, 1, '2020-03-03 07:03:12', NULL),
--(489, 'Quang Trọng', '0955101996', 'CE3764', 'nguyen4040@gmail.com', '7f5d7d22c5221986702f360936c81b88', '0000-00-00', 2, NULL, 1, '2020-05-06 17:06:43', NULL),
--(490, 'Quốc Trụ', '0993120132', 'CE6234', 'nguyen8186@gmail.com', '92b18217b62c9d8af3b59af4abc9aa93', '0000-00-00', 2, NULL, 1, '2020-11-28 14:44:55', NULL),
--(491, 'Ðắc Trọng', '0967647796', 'CE6766', 'nguyen5801@gmail.com', '7fd2682e2aa55ea5125980518ee1ece1', '0000-00-00', 2, NULL, 1, '2020-08-21 10:44:51', NULL),
--(492, 'Khắc Trọng', '0979285510', 'CE8392', 'nguyen7012@gmail.com', 'a68bbbd0d88af50fe5e18bac03516679', '0000-00-00', 2, NULL, 1, '2020-05-24 08:46:57', NULL),
--(493, 'Tấn Trình', '0951407304', 'CE2473', 'nguyen7942@gmail.com', 'c31cf1b6d867a71e1e025d868429f6c5', '0000-00-00', 2, NULL, 1, '2020-12-13 23:30:53', NULL),
--(494, 'Ngọc Trụ', '0994562816', 'CE1287', 'nguyen4422@gmail.com', 'fc5b88773b0979c71ce63f2a8b2464b9', '0000-00-00', 2, NULL, 1, '2020-11-18 18:03:27', NULL),
--(495, 'Ngọc Trụ', '0915028882', 'CE6133', 'nguyen1253@gmail.com', '035c4309b588cab3ae3c6d7032e63d34', '0000-00-00', 2, NULL, 1, '2020-02-07 02:57:48', NULL),
--(496, 'Quốc Trụ', '0990317122', 'CE6525', 'nguyen4619@gmail.com', '314f4ffd5bf7215b0cc1dd4edce4476d', '0000-00-00', 2, NULL, 1, '2020-05-12 04:33:42', NULL),
--(497, 'Quang Trọng', '0955022781', 'CE4078', 'nguyen4257@gmail.com', '67159186d9160943f1ab1e834fcde51d', '0000-00-00', 2, NULL, 1, '2020-03-27 10:45:57', NULL),
--(498, 'Ðắc Trọng', '0931462562', 'CE5381', 'nguyen8478@gmail.com', 'a3ddb4d9a2013a5de86cfb4696355c48', '0000-00-00', 2, NULL, 1, '2020-10-24 15:27:54', NULL),
--(499, 'Quốc Trụ', '0958813979', 'CE9100', 'nguyen2930@gmail.com', 'a8260a69d75e01c1daaaabb22cb00d5c', '0000-00-00', 2, NULL, 1, '2020-02-02 00:56:08', NULL),
--(500, 'Ðình Trung', '0981205400', 'CE2226', 'nguyen4527@gmail.com', 'b295dc090af6d9c40788efda97b693c1', '0000-00-00', 2, NULL, 1, '2020-01-04 02:07:39', NULL),
--(501, 'Quốc Trụ', '0993163039', 'CE9340', 'nguyen9725@gmail.com', '3de85c1d298ad686126e6feb951a7889', '0000-00-00', 2, NULL, 1, '2020-06-29 14:59:33', NULL),
--(502, 'Ngọc Trụ', '0921990641', 'CE6369', 'nguyen8972@gmail.com', '270e81890edabe519db79f8e18e415e1', '0000-00-00', 2, NULL, 1, '2020-11-28 22:55:40', NULL),
--(503, 'Ngọc Trụ', '0992125542', 'CE7379', 'nguyen3116@gmail.com', '1723cbfad90d46b5e721c76578606ba2', '0000-00-00', 2, NULL, 1, '2020-01-14 12:38:03', NULL),
--(504, 'Quang Trọng', '0954548555', 'CE3151', 'nguyen8004@gmail.com', '9a69ce7a8e79727f2c442e58a009bd62', '0000-00-00', 2, NULL, 1, '2020-06-08 20:59:59', NULL),
--(505, 'Tấn Trình', '0967029881', 'CE8634', 'nguyen2445@gmail.com', '2d5a1e5b42ef2ef6a69f78348ffc96ca', '0000-00-00', 2, NULL, 1, '2020-03-30 19:24:41', NULL),
--(506, 'Ðình Trung', '0939928441', 'CE5075', 'nguyen9384@gmail.com', 'd3b04c51016f33d1cb8d9683062b4668', '0000-00-00', 2, NULL, 1, '2020-07-23 21:46:13', NULL),
--(507, 'Ðắc Trọng', '0998026663', 'CE5749', 'nguyen6779@gmail.com', 'c80450f01d3bc5fdbca7c7fe79ec5d68', '0000-00-00', 2, NULL, 1, '2020-07-07 02:01:18', NULL),
--(508, 'Khắc Trọng', '0938386573', 'CE4714', 'nguyen8679@gmail.com', 'ef4264988c92023e463e2577ad6ddb9d', '0000-00-00', 2, NULL, 1, '2020-12-18 13:18:42', NULL),
--(509, 'Quốc Trụ', '0935129728', 'CE7315', 'nguyen9934@gmail.com', '8c90848fe8e2f2c0970fc0380d0a9f10', '0000-00-00', 2, NULL, 1, '2020-02-05 02:34:21', NULL),
--(510, 'Ðắc Trọng', '0977366569', 'CE2895', 'nguyen8354@gmail.com', '40113f024d15e361b9d1246b2df136e7', '0000-00-00', 2, NULL, 1, '2020-01-02 14:49:25', NULL),
--(511, 'Khắc Trọng', '0986572054', 'CE1575', 'nguyen2025@gmail.com', 'a16758ee5a240b14f2f921ad705538eb', '0000-00-00', 2, NULL, 1, '2020-03-02 04:06:36', NULL),
--(512, 'Khắc Trọng', '0982476906', 'CE4913', 'nguyen6506@gmail.com', '1a9f80afaa561896d89ce06f0bf6e219', '0000-00-00', 2, NULL, 1, '2020-04-28 20:49:10', NULL),
--(513, 'Ðắc Trọng', '0964477729', 'CE8832', 'nguyen8592@gmail.com', '5678a8c168fcd1a971ddf2b21159503c', '0000-00-00', 2, NULL, 1, '2020-08-07 15:29:51', NULL),
--(514, 'Quốc Trụ', '0959414142', 'CE3267', 'nguyen2648@gmail.com', 'cee483a9190f7c9ea017f41545aed57d', '0000-00-00', 2, NULL, 1, '2020-03-25 09:16:28', NULL),
--(515, 'Khắc Trọng', '0988427405', 'CE3331', 'nguyen9216@gmail.com', '097dfdc6da256b1f7776f51e4ea868b5', '0000-00-00', 2, NULL, 1, '2020-08-03 05:01:29', NULL),
--(516, 'Ðình Trung', '0976286653', 'CE2213', 'nguyen7320@gmail.com', '0536a77b522f9dd4b7ca948a953dd647', '0000-00-00', 2, NULL, 1, '2020-01-17 18:16:54', NULL),
--(517, 'Quốc Trụ', '0934527048', 'CE4174', 'nguyen5508@gmail.com', 'ace158496d5ee5d0b887e70960f72bba', '0000-00-00', 2, NULL, 1, '2020-11-04 13:22:12', NULL),
--(518, 'Tấn Trình', '0924092660', 'CE4649', 'nguyen6173@gmail.com', '9ccbef3e1aeaf7f696ca3c4ab3609f35', '0000-00-00', 2, NULL, 1, '2020-07-28 00:50:11', NULL),
--(519, 'Ðình Trung', '0925430750', 'CE5077', 'nguyen3341@gmail.com', 'b90627c050aa3b82c07f9d84a60a8202', '0000-00-00', 2, NULL, 1, '2020-05-13 16:42:35', NULL),
--(520, 'Tấn Trình', '0935724655', 'CE4399', 'nguyen8202@gmail.com', 'e804ad8b1c525ec84bf2def9ed69fa38', '0000-00-00', 2, NULL, 1, '2020-06-23 04:50:55', NULL),
--(521, 'Khắc Trọng', '0968400987', 'CE6692', 'nguyen3544@gmail.com', 'afc179228c20a64dbb548d40eecce599', '0000-00-00', 2, NULL, 1, '2020-11-07 11:48:26', NULL),
--(522, 'Khắc Trọng', '0931910601', 'CE4835', 'nguyen2441@gmail.com', '7c3817db39d9ac63610ad04413c4ee5c', '0000-00-00', 2, NULL, 1, '2020-08-24 10:42:33', NULL),
--(523, 'Quốc Trụ', '0983139865', 'CE4487', 'nguyen7861@gmail.com', 'c528e750af7c2a1fe4cca1b444910e3b', '0000-00-00', 2, NULL, 1, '2020-01-20 10:51:55', NULL),
--(524, 'Quốc Trụ', '0959211912', 'CE3434', 'nguyen4743@gmail.com', 'c039b0f79b705d631431fe2f2dc17777', '0000-00-00', 2, NULL, 1, '2020-03-22 17:09:55', NULL),
--(525, 'Ngọc Trụ', '0977853905', 'CE9955', 'nguyen5046@gmail.com', 'c596b5f45d37cbd5e5afe3704fcc12ef', '0000-00-00', 2, NULL, 1, '2020-07-21 17:52:35', NULL),
--(526, 'Quang Trọng', '0960451224', 'CE8114', 'nguyen2105@gmail.com', '322cee7b23b28fabf828748560bb5871', '0000-00-00', 2, NULL, 1, '2020-08-06 13:47:28', NULL),
--(527, 'Ngọc Trụ', '0937075150', 'CE3203', 'nguyen3835@gmail.com', '01bee0d6755ef322e321f86e75279a5a', '0000-00-00', 2, NULL, 1, '2020-05-17 07:19:50', NULL),
--(528, 'Khắc Trọng', '0939436632', 'CE4805', 'nguyen5595@gmail.com', 'e14064e1c87b307adaea917347f0efaa', '0000-00-00', 2, NULL, 1, '2020-01-05 08:59:11', NULL),
--(529, 'Khắc Trọng', '0953968210', 'CE3412', 'nguyen7741@gmail.com', '37237c514bf9f2a57b7c1255cdff4ec4', '0000-00-00', 2, NULL, 1, '2020-09-14 06:57:24', NULL),
--(530, 'Ngọc Trụ', '0990639833', 'CE6692', 'nguyen7840@gmail.com', '6a5325c1cdd6f4861ffce28aa0947ef4', '0000-00-00', 2, NULL, 1, '2020-06-03 14:43:53', NULL),
--(531, 'Quang Trọng', '0960622172', 'CE1011', 'nguyen7086@gmail.com', '13e640393eab4b71ad71fde96f947c2b', '0000-00-00', 2, NULL, 1, '2020-07-12 04:45:14', NULL),
--(532, 'Ðắc Trọng', '0979155081', 'CE5793', 'nguyen8850@gmail.com', 'ca824ec53c380233e2bbbbe7492b3b16', '0000-00-00', 2, NULL, 1, '2020-07-01 22:25:59', NULL),
--(533, 'Ðình Trung', '0959435516', 'CE2640', 'nguyen9057@gmail.com', 'c0c2f72131b1553421db64812f6f06ac', '0000-00-00', 2, NULL, 1, '2020-10-25 16:36:58', NULL),
--(534, 'Ðình Trung', '0999256438', 'CE5786', 'nguyen4355@gmail.com', '0db0e4bf300f8cabd5e3ab9fade13bf8', '0000-00-00', 2, NULL, 1, '2020-04-11 18:39:58', NULL),
--(535, 'Ngọc Trụ', '0950418270', 'CE4209', 'nguyen4304@gmail.com', '8b58f3aab57bea91ca16712b5b15f10e', '0000-00-00', 2, NULL, 1, '2020-05-14 19:36:03', NULL),
--(536, 'Quốc Trụ', '0966971091', 'CE5560', 'nguyen9072@gmail.com', 'c19584c3a9c166f06423c0cb4b099356', '0000-00-00', 2, NULL, 1, '2020-09-03 08:59:27', NULL),
--(537, 'Quốc Trụ', '0993710868', 'CE8015', 'nguyen1947@gmail.com', '9992ad435b48671048f91a4d6db0d51e', '0000-00-00', 2, NULL, 1, '2020-05-01 16:43:24', NULL),
--(538, 'Ðình Trung', '0965780978', 'CE5125', 'nguyen9348@gmail.com', '1c8fb36d0d9d9694e166ac5224911005', '0000-00-00', 2, NULL, 1, '2020-05-05 05:03:44', NULL),
--(539, 'Ðình Trung', '0960846848', 'CE8735', 'nguyen6129@gmail.com', '6e738a5efdcd7dddc82045ddc9eb80d1', '0000-00-00', 2, NULL, 1, '2020-10-08 02:46:50', NULL),
--(540, 'Khắc Trọng', '0958519043', 'CE2315', 'nguyen4577@gmail.com', '00a4474e9958f7ef4d9ed46266d41897', '0000-00-00', 2, NULL, 1, '2020-09-11 11:38:41', NULL),
--(541, 'Ngọc Trụ', '0919369458', 'CE6154', 'nguyen7042@gmail.com', '67607ef9a09314d1e465cd6905deb167', '0000-00-00', 2, NULL, 1, '2020-02-11 18:50:03', NULL),
--(542, 'Khắc Trọng', '0991147348', 'CE9849', 'nguyen9969@gmail.com', 'e87f450796c1dbedc2dff490aaa2a628', '0000-00-00', 2, NULL, 1, '2020-11-15 00:48:47', NULL),
--(543, 'Khắc Trọng', '0972461875', 'CE4425', 'nguyen3971@gmail.com', '49c96b41e8d04d9356ab9c477c0c96e2', '0000-00-00', 2, NULL, 1, '2020-12-29 14:28:23', NULL),
--(544, 'Ngọc Trụ', '0957244410', 'CE8483', 'nguyen7826@gmail.com', 'db2ead385235159de7fd0727ab57f37d', '0000-00-00', 2, NULL, 1, '2020-05-01 00:23:53', NULL),
--(545, 'Khắc Trọng', '0990256043', 'CE5708', 'nguyen5531@gmail.com', 'd9d48b1d7b57458553f37e1f438769fb', '0000-00-00', 2, NULL, 1, '2020-05-11 07:44:57', NULL),
--(546, 'Khắc Trọng', '0913169055', 'CE3932', 'nguyen2339@gmail.com', '194e3ecda62d6de21a9c4f0e7db250bb', '0000-00-00', 2, NULL, 1, '2020-07-31 01:55:53', NULL),
--(547, 'Ðình Trung', '0951212605', 'CE2482', 'nguyen8216@gmail.com', '865fd5ffa36ec20a56f95d476c618fa3', '0000-00-00', 2, NULL, 1, '2020-01-03 06:08:10', NULL),
--(548, 'Quốc Trụ', '0942469707', 'CE5339', 'nguyen1800@gmail.com', '9a0436d61f2e6eb396301da32a4e22ff', '0000-00-00', 2, NULL, 1, '2020-11-16 11:10:04', NULL),
--(549, 'Khắc Trọng', '0918799345', 'CE7279', 'nguyen2066@gmail.com', 'f2682bfb8012936235318e0575f921e6', '0000-00-00', 2, NULL, 1, '2020-04-03 09:12:24', NULL),
--(550, 'Ðình Trung', '0951573901', 'CE4361', 'nguyen4271@gmail.com', '9d58a0a350c4e6a52860da8530b87fde', '0000-00-00', 2, NULL, 1, '2020-01-16 16:36:18', NULL),
--(551, 'Ngọc Trụ', '0950848308', 'CE2622', 'nguyen7083@gmail.com', '761575dd30321dee79abf28d9c17ba9d', '0000-00-00', 2, NULL, 1, '2020-04-26 23:06:56', NULL),
--(552, 'Ðắc Trọng', '0950167577', 'CE9145', 'nguyen4819@gmail.com', '07456a5c46c75188616fc46807aa41c1', '0000-00-00', 2, NULL, 1, '2020-05-21 01:01:40', NULL),
--(553, 'Quốc Trụ', '0975920944', 'CE5990', 'nguyen8665@gmail.com', 'b1893b566d0b4d0a691e5df9d3fb017c', '0000-00-00', 2, NULL, 1, '2020-07-24 14:43:32', NULL),
--(554, 'Ngọc Trụ', '0918710260', 'CE9259', 'nguyen8397@gmail.com', 'abebca6ed64639f25272016f454726f7', '0000-00-00', 2, NULL, 1, '2020-06-29 23:55:56', NULL),
--(555, 'Ðắc Trọng', '0951897106', 'CE6708', 'nguyen2488@gmail.com', 'eb8070c73f915d3a57f7c1d2d518f227', '0000-00-00', 2, NULL, 1, '2020-07-05 20:34:02', NULL),
--(556, 'Ðắc Trọng', '0993478140', 'CE4170', 'nguyen2099@gmail.com', '17a9c398796f7b99c375f246fc79d10d', '0000-00-00', 2, NULL, 1, '2020-08-21 04:50:57', NULL),
--(557, 'Ðắc Trọng', '0993776337', 'CE2583', 'nguyen9500@gmail.com', 'a6591e83c09a43c955b579c9859919b4', '0000-00-00', 2, NULL, 1, '2020-04-02 00:35:08', NULL),
--(558, 'Quang Trọng', '0992436458', 'CE1614', 'nguyen8734@gmail.com', '73fad6a00cf497f9d1ac35ee600ab5dd', '0000-00-00', 2, NULL, 1, '2020-12-18 01:40:57', NULL),
--(559, 'Ngọc Trụ', '0944366062', 'CE4714', 'nguyen2036@gmail.com', '94cd5d257b89bd74d0d8b6beaef42658', '0000-00-00', 2, NULL, 1, '2020-03-19 06:25:52', NULL),
--(560, 'Quang Trọng', '0990231029', 'CE5990', 'nguyen1906@gmail.com', 'e4f81be19b8533234ec22bb04c702f19', '0000-00-00', 2, NULL, 1, '2020-12-27 21:00:25', NULL),
--(561, 'Ðình Trung', '0964768257', 'CE9148', 'nguyen5281@gmail.com', '8ef5bc3ad65aff6cb6c45083e5f12b23', '0000-00-00', 2, NULL, 1, '2020-04-16 18:19:25', NULL),
--(562, 'Khắc Trọng', '0923425664', 'CE2911', 'nguyen8834@gmail.com', '349b5d09f1d4b8e9b685591ccbdc918d', '0000-00-00', 2, NULL, 1, '2020-03-06 01:58:15', NULL),
--(563, 'Tấn Trình', '0937683435', 'CE8002', 'nguyen3621@gmail.com', 'bd2edbfe9144f2f27ae941f0880e3671', '0000-00-00', 2, NULL, 1, '2020-08-25 18:46:44', NULL),
--(564, 'Khắc Trọng', '0973230625', 'CE3179', 'nguyen9548@gmail.com', '4f86911f66b862816edc58914b0b4041', '0000-00-00', 2, NULL, 1, '2020-08-16 12:55:44', NULL),
--(565, 'Quốc Trụ', '0925841584', 'CE3821', 'nguyen3495@gmail.com', '3f986fdc02787923e9a2c6ea874eb228', '0000-00-00', 2, NULL, 1, '2020-08-28 13:49:22', NULL),
--(566, 'Quang Trọng', '0939546055', 'CE1275', 'nguyen7563@gmail.com', '8bb9453ab927bf427bf5c4865db5ad0f', '0000-00-00', 2, NULL, 1, '2020-04-12 06:39:14', NULL),
--(567, 'Quang Trọng', '0950846591', 'CE7989', 'nguyen5043@gmail.com', '293c34063ebb97f5bce9918a1302130c', '0000-00-00', 2, NULL, 1, '2020-08-28 19:33:02', NULL),
--(568, 'Ðình Trung', '0960864053', 'CE6214', 'nguyen3250@gmail.com', '5577cd5eeef28b643e01c757d1971ffc', '0000-00-00', 2, NULL, 1, '2020-08-06 09:18:36', NULL),
--(569, 'Ðắc Trọng', '0965138607', 'CE6681', 'nguyen1600@gmail.com', 'bf5611ae066a92a3595d264cb958fb4a', '0000-00-00', 2, NULL, 1, '2020-12-03 10:44:10', NULL),
--(570, 'Quốc Trụ', '0924662673', 'CE3527', 'nguyen5032@gmail.com', '75c41ecb64725957419d1aa5fba9178f', '0000-00-00', 2, NULL, 1, '2020-07-29 09:13:53', NULL),
--(571, 'Quốc Trụ', '0915387517', 'CE8093', 'nguyen3970@gmail.com', '9bf2d3f764e7c571a781aac59b74e63e', '0000-00-00', 2, NULL, 1, '2020-06-19 17:36:17', NULL),
--(572, 'Khắc Trọng', '0916121779', 'CE5592', 'nguyen4036@gmail.com', 'b3374e853b1ae7ce92ac486b987d1c3e', '0000-00-00', 2, NULL, 1, '2020-04-08 23:38:35', NULL),
--(573, 'Ðình Trung', '0980625446', 'CE7730', 'nguyen2837@gmail.com', 'eb86bddb463f4c372c93a63309d1312d', '0000-00-00', 2, NULL, 1, '2020-09-14 13:43:23', NULL),
--(574, 'Quang Trọng', '0998218432', 'CE8372', 'nguyen8868@gmail.com', '00846829ee7412eb097c073faecc3146', '0000-00-00', 2, NULL, 1, '2020-05-24 08:16:15', NULL),
--(575, 'Ngọc Trụ', '0965730599', 'CE6085', 'nguyen4071@gmail.com', '17af5180744126e5d0745a24f4dd3aba', '0000-00-00', 2, NULL, 1, '2020-09-01 01:18:27', NULL),
--(576, 'Quốc Trụ', '0924920214', 'CE3783', 'nguyen2740@gmail.com', '9462439bb2383f0ea9d4597ebec62a66', '0000-00-00', 2, NULL, 1, '2020-01-22 18:25:57', NULL),
--(577, 'Ðắc Trọng', '0940210953', 'CE2445', 'nguyen2920@gmail.com', '92d970207705de463c47c23ff1c36435', '0000-00-00', 0, NULL, -1, '2021-01-12 07:56:49', NULL),
--(578, 'Ðình Trung', '0983179891', 'CE1942', 'nguyen4134@gmail.com', '0d6439f90d204de48becf9110c81a6f5', '0000-00-00', 0, NULL, -1, '2021-01-12 07:56:42', NULL),
--(579, 'Quang Trọng', '0982363457', 'CE5917', 'nguyen2293@gmail.com', '0182345af78d9db2eae21c59412c3b60', '0000-00-00', 0, NULL, -1, '2021-01-12 07:56:11', NULL),
--(580, 'Quang Trọng', '0989901955', 'CE1209', 'nguyen1566@gmail.com', 'd5260b73ee1c5fd0a6c6c93882e1c2f0', '0000-00-00', 0, NULL, -1, '2021-01-12 07:56:06', NULL),
--(581, 'Vũ Hoàng', '0963368232', 'ce130104', 'hoangvh123456@gmail.com', 'ae2532937279e92e9bd3a81bc7a40cad', '1999-08-12', 0, NULL, -1, '2021-01-12 07:54:17', NULL),
--(582, 'hoang vv', '0963368232', 'ce130104', 'hoangvh12345@gmail.com', 'ae2532937279e92e9bd3a81bc7a40cad', '1999-12-21', 2, 'aaaaaaaa', -1, '2021-01-15 10:04:05', NULL),
--(583, 'trung duc', '0964364003', '1711061805', 'dotrungduc1.bl@gmail.com', 'ac2304ea8aa63b0b5b9f730968f7a1a8', '1999-06-19', 0, NULL, -1, '2021-01-13 09:41:10', NULL),
--(584, 'trung duc', '0964364003', '1711061805', 'dotrungduc2.bl@gmail.com', 'ac2304ea8aa63b0b5b9f730968f7a1a8', '0000-00-00', 0, NULL, -1, '2021-01-13 09:42:44', NULL),
--(585, 'trung duc', '0964364003', '1711061805', 'dotrungduc5.bl@gmail.com', 'ac2304ea8aa63b0b5b9f730968f7a1a8', '1999-06-19', 4, 'thích', 1, '2021-01-15 11:26:17', NULL),
--(586, 'trung duc', '0964364003', '1711061805', 'dotrungduc6.bl@gmail.com', 'ac2304ea8aa63b0b5b9f730968f7a1a8', '1999-03-19', 2, 'asd', 1, '2021-01-13 12:02:45', NULL),
--(587, 'trung duc', '0964364003', '1711061805', 'dotrungduc7.bl@gmail.com', 'ac2304ea8aa63b0b5b9f730968f7a1a8', '1999-03-19', 2, 'thích', 0, '2021-01-15 11:39:46', NULL),
--(588, 'trung duc', '0964364003', '1711061805', 'dotrungduc8.bl@gmail.com', 'ac2304ea8aa63b0b5b9f730968f7a1a8', '1999-03-19', 2, 'abc', 1, '2021-01-21 11:09:28', NULL);

-- --------------------------------------------------------

--
-- Cấu trúc bảng cho bảng `tblquy_chi`
--

CREATE TABLE `tblquy_chi` (
  `khoanChi_id` int(11) NOT NULL,
  `tenKhoanChi` varchar(255) NOT NULL,
  `sotienchi` float NOT NULL,
  `ngayChi` timestamp NOT NULL DEFAULT current_timestamp() ON UPDATE current_timestamp(),
  `clb_id` int(11) NOT NULL,
  `lydo` varchar(255) NOT NULL,
  `ten_nguoi_chi` varchar(255) NOT NULL,
  `imgHoaDon` varchar(255) NOT NULL
) ENGINE=InnoDB DEFAULT CHARSET=utf8mb4;

--
-- Đang đổ dữ liệu cho bảng `tblquy_chi`
--

INSERT INTO `tblquy_chi` (`khoanChi_id`, `tenKhoanChi`, `sotienchi`, `ngayChi`, `clb_id`, `lydo`, `ten_nguoi_chi`, `imgHoaDon`) VALUES
(1, 'Ung hộ', 3000000, '0000-00-00 00:00:00', 2, 'Ung ho mien trung lu lut', 'Nguyen Văn A', ''),
(2, 'Tổ chức liên hoan CLB', 1000000, '2021-01-03 03:46:32', 2, 'Tổ chức liên hoan CLB', 'Tran Văn B', ''),
(4, 'Chi cho hoàng tiền mua bánhaaa', 100000, '0000-00-00 00:00:00', 1, 'Hoàng năn nỉ quá nên cho', 'Đứccccc', 'b123dba7ed.'),
(6, 'Chi mua giáo trình mac-leninn', 500000, '0000-00-00 00:00:00', 2, 'Chi mua giáo trình mac-lenin', 'Đức', '263fb9c812.'),
(8, 'aaaaaa', 2000000, '2021-01-13 10:03:00', 3, 'sinh hoạt tuần', 'nguyen van A', 'c4ae8d6f63.jpg'),
(9, 'tổ chức tiệc', 13000000, '2021-01-15 14:04:00', 2, 'sinh hoạt tuần', 'nguyen van CCCC', '9319682fa1.jpg');

-- --------------------------------------------------------

--
-- Cấu trúc bảng cho bảng `tblquy_thu`
--

CREATE TABLE `tblquy_thu` (
  `khoanThu_id` int(11) NOT NULL,
  `tenKhoanthu` varchar(255) NOT NULL,
  `sotienthu` float NOT NULL,
  `ngayThu` timestamp NOT NULL DEFAULT current_timestamp() ON UPDATE current_timestamp(),
  `clb_id` int(11) NOT NULL,
  `noidung` varchar(255) NOT NULL,
  `imgHoaDonThu` varchar(255) NOT NULL
) ENGINE=InnoDB DEFAULT CHARSET=utf8mb4;

--
-- Đang đổ dữ liệu cho bảng `tblquy_thu`
--

INSERT INTO `tblquy_thu` (`khoanThu_id`, `tenKhoanthu`, `sotienthu`, `ngayThu`, `clb_id`, `noidung`, `imgHoaDonThu`) VALUES
(1, 'thu quỹ tháng', 2500000, '2020-12-04 07:14:00', 2, 'Đóng tiền đầy đủ ', ''),
(2, 'Gỉai thưởng của CLB', 5000000, '2021-01-04 07:15:14', 2, 'Giải nhì đá bóng cấp huyện', ''),
(4, 'Gỉai thưởng của CLB', 5000000, '2021-01-04 07:16:06', 2, 'Giải ba đường lên đỉnh olympia cấp trường', ''),
(6, 'Thu tiền 20/11', 2000000, '2020-12-10 03:10:00', 1, 'còn 3 bạn Kiên, Trung , Tấn chưa đóng', '66228d58b6.'),
(7, 'Thu quỹ tháng 10', 2600000, '2021-01-04 07:15:00', 2, 'Đóng tiền đầy đủ ', '88073d8fa4.'),
(8, 'Thu quỹ tháng 11', 2000000, '2021-01-04 07:15:00', 2, 'Đóng tiền đầy đủ ', 'a8dbe27c2e.'),
(9, 'Thu tiền 20/11', 2000000, '2021-01-16 10:47:00', 1, 'còn 3 bạn Kiên, Trung , Tấn chưa đóng', '218bf88f66.'),
(10, 'Thu quỹ tháng 1/2021', 100000, '2021-01-24 07:07:00', 2, 'đóng đầy đủ', ''),
(11, 'quỹ CBL', 2000000, '2021-01-13 09:58:00', 3, 'quỹ hàng tháng của clb', 'f1609d6a6b.jpg'),
(12, 'aaaaaaa', 5000000, '2021-01-13 10:03:00', 3, 'aaaaaaaaaa', '8c2e9d476c.jpg'),
(14, 'Gỉai thưởng Quốc tế', 20000000, '2021-02-28 03:16:00', 2, 'bbbbbbb', '07fc9e98f9.jpg');

-- --------------------------------------------------------

--
-- Cấu trúc bảng cho bảng `tblquy_tong`
--

CREATE TABLE `tblquy_tong` (
  `id_tongQuy` int(11) NOT NULL,
  `sotien_tong` float NOT NULL,
  `updatethongke_at` datetime NOT NULL,
  `cbl_id` int(11) NOT NULL,
  `thangthongke` date NOT NULL
) ENGINE=InnoDB DEFAULT CHARSET=utf8mb4;

-- --------------------------------------------------------

--
-- Cấu trúc bảng cho bảng `tbl_admin`
--

CREATE TABLE `tbl_admin` (
  `adminId` int(11) NOT NULL,
  `adminName` varchar(255) NOT NULL,
  `adminEmail` varchar(155) NOT NULL,
  `adminUser` varchar(255) NOT NULL,
  `adminPass` varchar(255) NOT NULL,
  `level` int(30) NOT NULL,
  `clb_id` int(11) NOT NULL
) ENGINE=InnoDB DEFAULT CHARSET=utf8;

--
-- Đang đổ dữ liệu cho bảng `tbl_admin`
--

INSERT INTO `tbl_admin` (`adminId`, `adminName`, `adminEmail`, `adminUser`, `adminPass`, `level`, `clb_id`) VALUES
(2, 'Nhựt Quang', 'NhutQuang@gmail.com', 'Admin123', 'e64b78fc3bc91bcbc7dc232ba8ec59e0', 0, 0),
(3, 'hoang', 'hoang@gmail.com', 'meodien', 'ac2304ea8aa63b0b5b9f730968f7a1a8', 0, 2),
(4, 'Trung Duc', 'ducgapro@gmail.com', 'trungduc', 'e10adc3949ba59abbe56e057f20f883e', 0, 3),
(5, 'Trung Duc', 'ducgapro@gmail.com', 'Admin123456', 'b239c728b63e86d8fdd8807350554ed7', 0, 4),
(6, 'Trung Duc99', 'dotrungduc1999.bl@gmail.com', 'DucMedium', 'ba402678693574921e954d949ca14c5f', 0, 2);

-- --------------------------------------------------------

--
-- Cấu trúc bảng cho bảng `tbl_category`
--

CREATE TABLE `tbl_category` (
  `catId` int(11) NOT NULL,
  `catName` varchar(255) NOT NULL,
  `content` varchar(550) NOT NULL,
  `create_at` timestamp NOT NULL DEFAULT current_timestamp() ON UPDATE current_timestamp(),
  `update_at` timestamp NULL DEFAULT NULL
) ENGINE=InnoDB DEFAULT CHARSET=utf8;

--
-- Đang đổ dữ liệu cho bảng `tbl_category`
--

INSERT INTO `tbl_category` (`catId`, `catName`, `content`, `create_at`, `update_at`) VALUES
(60, 'Thể Dục Thể Thao', 'Hoạt động tích cực rèn luyện thể dục thể thao', '2020-12-07 05:57:47', NULL),
(61, 'Khoa học', 'Về các ngành khóa học được các sinh viên quan tâm cũng như tạo ra môi trường học tập và nghiên cứu trong quá trình tham gia vào các câu lạc bộ này', '2020-12-07 05:54:30', NULL),
(62, 'Nghệ Thuật', 'Gồm những câu lạc bộ có các hoạt động nghệ thuật lành mạnh giúp sinh viên giải trí sau những giờ học căng thẳng', '2020-12-07 06:00:12', NULL);

-- --------------------------------------------------------

--
-- Cấu trúc bảng cho bảng `tbl_caulacbo`
--

CREATE TABLE `tbl_caulacbo` (
  `clb_id` int(11) NOT NULL,
  `clbName` varchar(255) NOT NULL,
  `quantity` int(100) NOT NULL,
  `img` varchar(255) NOT NULL,
  `content` varchar(255) NOT NULL,
  `catId` int(11) NOT NULL,
  `create_at` timestamp NULL DEFAULT NULL,
  `update_at` timestamp NULL DEFAULT NULL
) ENGINE=InnoDB DEFAULT CHARSET=utf8mb4;

--
-- Đang đổ dữ liệu cho bảng `tbl_caulacbo`
--

INSERT INTO `tbl_caulacbo` (`clb_id`, `clbName`, `quantity`, `img`, `content`, `catId`, `create_at`, `update_at`) VALUES
(2, 'CLB an ninh mạng', 20, '', '', 63, NULL, NULL),
(3, 'CLB Nhảy Hiện Đại', 21, '', '', 62, NULL, NULL),
(4, 'CLB guitar', 22, '5970f3e38c.jpg', 'Về các ngành khóa học được các sinh viên quan tâm cũng như tạo ra môi trường học tập và nghiên cứu trong quá trình tham gia vào các câu lạc bộ này', 61, NULL, NULL),
(5, 'CLB Coder', 22, '5970f3e38c.jpg', 'Về các ngành khóa học được các sinh viên quan tâm cũng như tạo ra môi trường học tập và nghiên cứu trong quá trình tham gia vào các câu lạc bộ này', 61, NULL, NULL),
(6, 'CLB Diễn Xuất', 22, '5970f3e38c.jpg', 'Về các ngành khóa học được các sinh viên quan tâm cũng như tạo ra môi trường học tập và nghiên cứu trong quá trình tham gia vào các câu lạc bộ này', 61, NULL, NULL),
(7, 'CLB  bóng đá', 30, 'd2792f724f.jpg', 'Gíup sinh viên rèn luyện sức khỏe', 60, NULL, NULL);

-- --------------------------------------------------------

--
-- Cấu trúc bảng cho bảng `tbl_diemdanh`
--

CREATE TABLE `tbl_diemdanh` (
  `diem_danh_id` int(11) NOT NULL,
  `co_mat` int(11) DEFAULT 1 COMMENT 'có mặt là 1, vắng là 0',
  `id_student` int(11) DEFAULT NULL,
  `sinhhoat_id` int(11) DEFAULT NULL
) ENGINE=InnoDB DEFAULT CHARSET=utf32;

--
-- Đang đổ dữ liệu cho bảng `tbl_diemdanh`
--

INSERT INTO `tbl_diemdanh` (`diem_danh_id`, `co_mat`, `id_student`, `sinhhoat_id`) VALUES
(91, 1, 81, 1),
(92, 1, 81, 1),
(93, 1, 21, 1),
(94, 1, 8, 3),
(95, 0, 82, 3),
(96, 1, 21, 3),
(97, 0, 81, 4),
(98, 1, 10, 4),
(99, 0, 12, 4),
(100, 1, 24, 4),
(101, 1, 25, 4),
(102, 1, 81, 5),
(103, 1, 86, 5),
(104, 1, 87, 5),
(105, 1, 88, 5),
(106, 0, 89, 5),
(107, 1, 90, 5),
(108, 0, 91, 5),
(109, 0, 92, 5),
(110, 0, 93, 5),
(111, 0, 94, 5),
(112, 0, 95, 5),
(113, 0, 96, 5),
(114, 0, 97, 5),
(115, 0, 98, 5),
(116, 0, 99, 5),
(117, 0, 100, 5),
(118, 0, 101, 5),
(119, 1, 102, 5),
(120, 0, 103, 5),
(121, 0, 104, 5),
(122, 0, 105, 5),
(123, 0, 106, 5),
(124, 0, 107, 5),
(125, 0, 108, 5),
(126, 0, 109, 5),
(127, 0, 110, 5),
(128, 0, 111, 5),
(129, 0, 112, 5),
(130, 0, 113, 5),
(131, 0, 114, 5),
(132, 0, 115, 5),
(133, 0, 116, 5),
(134, 0, 117, 5),
(135, 0, 118, 5),
(136, 0, 119, 5),
(137, 0, 120, 5),
(138, 0, 121, 5),
(139, 0, 122, 5),
(140, 0, 123, 5),
(141, 0, 124, 5),
(142, 0, 125, 5),
(143, 0, 126, 5),
(144, 0, 127, 5),
(145, 0, 128, 5),
(146, 0, 129, 5),
(147, 0, 130, 5),
(148, 0, 131, 5),
(149, 0, 132, 5),
(150, 0, 133, 5),
(151, 0, 134, 5),
(152, 0, 135, 5),
(153, 0, 136, 5),
(154, 0, 137, 5),
(155, 0, 138, 5),
(156, 0, 139, 5),
(157, 0, 140, 5),
(158, 0, 141, 5),
(159, 0, 142, 5),
(160, 0, 143, 5),
(161, 0, 144, 5),
(162, 0, 145, 5),
(163, 0, 146, 5),
(164, 0, 147, 5),
(165, 0, 148, 5),
(166, 0, 149, 5),
(167, 0, 150, 5),
(168, 0, 151, 5),
(169, 0, 152, 5),
(170, 0, 153, 5),
(171, 0, 154, 5),
(172, 0, 155, 5),
(173, 0, 156, 5),
(174, 0, 157, 5),
(175, 0, 158, 5),
(176, 0, 159, 5),
(177, 0, 160, 5),
(178, 0, 161, 5),
(179, 0, 162, 5),
(180, 0, 163, 5),
(181, 0, 164, 5),
(182, 0, 165, 5),
(183, 0, 166, 5),
(184, 0, 167, 5),
(185, 0, 168, 5),
(186, 0, 169, 5),
(187, 0, 170, 5),
(188, 0, 171, 5),
(189, 0, 172, 5),
(190, 0, 173, 5),
(191, 0, 174, 5),
(192, 0, 175, 5),
(193, 0, 176, 5),
(194, 0, 177, 5),
(195, 0, 178, 5),
(196, 0, 179, 5),
(197, 0, 180, 5),
(198, 0, 181, 5),
(199, 0, 182, 5),
(200, 0, 183, 5),
(201, 0, 184, 5),
(202, 0, 185, 5),
(203, 0, 186, 5),
(204, 0, 187, 5),
(205, 0, 188, 5),
(206, 0, 189, 5),
(207, 0, 190, 5),
(208, 0, 191, 5),
(209, 0, 192, 5),
(210, 0, 193, 5),
(211, 0, 194, 5),
(212, 0, 195, 5),
(213, 0, 196, 5),
(214, 0, 197, 5),
(215, 0, 198, 5),
(216, 0, 199, 5),
(217, 0, 200, 5),
(218, 0, 201, 5),
(219, 0, 202, 5),
(220, 0, 203, 5),
(221, 0, 204, 5),
(222, 0, 205, 5),
(223, 0, 206, 5),
(224, 0, 207, 5),
(225, 0, 208, 5),
(226, 0, 209, 5),
(227, 0, 210, 5),
(228, 0, 211, 5),
(229, 0, 212, 5),
(230, 0, 213, 5),
(231, 0, 214, 5),
(232, 0, 215, 5),
(233, 0, 216, 5),
(234, 0, 217, 5),
(235, 0, 218, 5),
(236, 0, 219, 5),
(237, 0, 220, 5),
(238, 0, 221, 5),
(239, 0, 222, 5),
(240, 0, 223, 5),
(241, 0, 224, 5),
(242, 0, 225, 5),
(243, 0, 226, 5),
(244, 0, 227, 5),
(245, 0, 228, 5),
(246, 0, 229, 5),
(247, 0, 230, 5),
(248, 0, 231, 5),
(249, 0, 232, 5),
(250, 0, 233, 5),
(251, 0, 234, 5),
(252, 0, 235, 5),
(253, 0, 236, 5),
(254, 0, 237, 5),
(255, 0, 238, 5),
(256, 0, 239, 5),
(257, 0, 240, 5),
(258, 0, 241, 5),
(259, 0, 242, 5),
(260, 0, 243, 5),
(261, 0, 244, 5),
(262, 0, 245, 5),
(263, 0, 246, 5),
(264, 0, 247, 5),
(265, 0, 248, 5),
(266, 0, 249, 5),
(267, 0, 250, 5),
(268, 0, 251, 5),
(269, 0, 252, 5),
(270, 0, 253, 5),
(271, 0, 254, 5),
(272, 0, 255, 5),
(273, 0, 256, 5),
(274, 0, 257, 5),
(275, 0, 258, 5),
(276, 0, 259, 5),
(277, 0, 260, 5),
(278, 0, 261, 5),
(279, 0, 262, 5),
(280, 0, 263, 5),
(281, 0, 264, 5),
(282, 0, 265, 5),
(283, 0, 266, 5),
(284, 0, 267, 5),
(285, 0, 268, 5),
(286, 0, 269, 5),
(287, 0, 270, 5),
(288, 0, 271, 5),
(289, 0, 272, 5),
(290, 0, 273, 5),
(291, 0, 274, 5),
(292, 0, 275, 5),
(293, 0, 276, 5),
(294, 0, 277, 5),
(295, 0, 278, 5),
(296, 0, 279, 5),
(297, 0, 280, 5),
(298, 0, 281, 5),
(299, 0, 282, 5),
(300, 0, 283, 5),
(301, 0, 284, 5),
(302, 0, 285, 5),
(303, 0, 286, 5),
(304, 0, 287, 5),
(305, 0, 288, 5),
(306, 0, 289, 5),
(307, 0, 290, 5),
(308, 0, 291, 5),
(309, 0, 292, 5),
(310, 0, 293, 5),
(311, 0, 294, 5),
(312, 0, 295, 5),
(313, 0, 296, 5),
(314, 0, 297, 5),
(315, 0, 298, 5),
(316, 0, 299, 5),
(317, 0, 300, 5),
(318, 0, 301, 5),
(319, 0, 302, 5),
(320, 0, 303, 5),
(321, 0, 304, 5),
(322, 0, 305, 5),
(323, 0, 306, 5),
(324, 0, 307, 5),
(325, 0, 308, 5),
(326, 0, 309, 5),
(327, 0, 310, 5),
(328, 0, 311, 5),
(329, 0, 312, 5),
(330, 0, 313, 5),
(331, 0, 314, 5),
(332, 0, 315, 5),
(333, 0, 316, 5),
(334, 0, 317, 5),
(335, 0, 318, 5),
(336, 0, 319, 5),
(337, 0, 320, 5),
(338, 0, 321, 5),
(339, 0, 322, 5),
(340, 0, 323, 5),
(341, 0, 324, 5),
(342, 0, 325, 5),
(343, 0, 326, 5),
(344, 0, 327, 5),
(345, 0, 328, 5),
(346, 0, 329, 5),
(347, 0, 330, 5),
(348, 0, 331, 5),
(349, 0, 332, 5),
(350, 0, 333, 5),
(351, 0, 334, 5),
(352, 0, 335, 5),
(353, 0, 336, 5),
(354, 0, 337, 5),
(355, 0, 338, 5),
(356, 0, 339, 5),
(357, 0, 340, 5),
(358, 0, 341, 5),
(359, 0, 342, 5),
(360, 0, 343, 5),
(361, 0, 344, 5),
(362, 0, 345, 5),
(363, 0, 346, 5),
(364, 0, 347, 5),
(365, 0, 348, 5),
(366, 0, 349, 5),
(367, 0, 350, 5),
(368, 0, 351, 5),
(369, 0, 352, 5),
(370, 0, 353, 5),
(371, 0, 354, 5),
(372, 0, 355, 5),
(373, 0, 356, 5),
(374, 0, 357, 5),
(375, 0, 358, 5),
(376, 0, 359, 5),
(377, 0, 360, 5),
(378, 0, 361, 5),
(379, 0, 362, 5),
(380, 0, 363, 5),
(381, 0, 364, 5),
(382, 0, 365, 5),
(383, 0, 366, 5),
(384, 0, 367, 5),
(385, 0, 368, 5),
(386, 0, 369, 5),
(387, 0, 370, 5),
(388, 0, 371, 5),
(389, 0, 372, 5),
(390, 0, 373, 5),
(391, 0, 374, 5),
(392, 0, 375, 5),
(393, 0, 376, 5),
(394, 0, 377, 5),
(395, 0, 378, 5),
(396, 0, 379, 5),
(397, 0, 380, 5),
(398, 0, 381, 5),
(399, 0, 382, 5),
(400, 0, 383, 5),
(401, 0, 384, 5),
(402, 0, 385, 5),
(403, 0, 386, 5),
(404, 0, 387, 5),
(405, 0, 388, 5),
(406, 0, 389, 5),
(407, 0, 390, 5),
(408, 0, 391, 5),
(409, 0, 392, 5),
(410, 0, 393, 5),
(411, 0, 394, 5),
(412, 0, 395, 5),
(413, 0, 396, 5),
(414, 0, 397, 5),
(415, 0, 398, 5),
(416, 0, 399, 5),
(417, 0, 400, 5),
(418, 0, 401, 5),
(419, 0, 402, 5),
(420, 0, 403, 5),
(421, 0, 404, 5),
(422, 0, 405, 5),
(423, 0, 406, 5),
(424, 0, 407, 5),
(425, 0, 408, 5),
(426, 0, 409, 5),
(427, 0, 410, 5),
(428, 0, 411, 5),
(429, 0, 412, 5),
(430, 0, 413, 5),
(431, 0, 414, 5),
(432, 0, 415, 5),
(433, 0, 416, 5),
(434, 0, 417, 5),
(435, 0, 418, 5),
(436, 0, 419, 5),
(437, 0, 420, 5),
(438, 0, 421, 5),
(439, 0, 422, 5),
(440, 0, 423, 5),
(441, 0, 424, 5),
(442, 0, 425, 5),
(443, 0, 426, 5),
(444, 0, 427, 5),
(445, 0, 428, 5),
(446, 0, 429, 5),
(447, 0, 430, 5),
(448, 0, 431, 5),
(449, 0, 432, 5),
(450, 0, 433, 5),
(451, 0, 434, 5),
(452, 0, 435, 5),
(453, 0, 436, 5),
(454, 0, 437, 5),
(455, 0, 438, 5),
(456, 0, 439, 5),
(457, 0, 440, 5),
(458, 0, 441, 5),
(459, 0, 442, 5),
(460, 0, 443, 5),
(461, 0, 444, 5),
(462, 0, 445, 5),
(463, 0, 446, 5),
(464, 0, 447, 5),
(465, 0, 448, 5),
(466, 0, 449, 5),
(467, 0, 450, 5),
(468, 0, 451, 5),
(469, 0, 452, 5),
(470, 0, 453, 5),
(471, 0, 454, 5),
(472, 0, 455, 5),
(473, 0, 456, 5),
(474, 0, 457, 5),
(475, 0, 458, 5),
(476, 0, 459, 5),
(477, 0, 460, 5),
(478, 0, 461, 5),
(479, 0, 462, 5),
(480, 0, 463, 5),
(481, 0, 464, 5),
(482, 0, 465, 5),
(483, 0, 466, 5),
(484, 0, 467, 5),
(485, 0, 468, 5),
(486, 0, 469, 5),
(487, 0, 470, 5),
(488, 0, 471, 5),
(489, 0, 472, 5),
(490, 0, 473, 5),
(491, 0, 474, 5),
(492, 0, 475, 5),
(493, 0, 476, 5),
(494, 0, 477, 5),
(495, 0, 478, 5),
(496, 0, 479, 5),
(497, 0, 480, 5),
(498, 0, 481, 5),
(499, 0, 482, 5),
(500, 0, 483, 5),
(501, 0, 484, 5),
(502, 0, 485, 5),
(503, 0, 486, 5),
(504, 0, 487, 5),
(505, 0, 488, 5),
(506, 0, 489, 5),
(507, 0, 490, 5),
(508, 0, 491, 5),
(509, 0, 492, 5),
(510, 0, 493, 5),
(511, 0, 494, 5),
(512, 0, 495, 5),
(513, 0, 496, 5),
(514, 0, 497, 5),
(515, 0, 498, 5),
(516, 0, 499, 5),
(517, 0, 500, 5),
(518, 0, 501, 5),
(519, 0, 502, 5),
(520, 0, 503, 5),
(521, 0, 504, 5),
(522, 0, 505, 5),
(523, 0, 506, 5),
(524, 0, 507, 5),
(525, 0, 508, 5),
(526, 0, 509, 5),
(527, 0, 510, 5),
(528, 0, 511, 5),
(529, 0, 512, 5),
(530, 0, 513, 5),
(531, 0, 514, 5),
(532, 0, 515, 5),
(533, 0, 516, 5),
(534, 0, 517, 5),
(535, 0, 518, 5),
(536, 0, 519, 5),
(537, 0, 520, 5),
(538, 0, 521, 5),
(539, 0, 522, 5),
(540, 0, 523, 5),
(541, 0, 524, 5),
(542, 0, 525, 5),
(543, 0, 526, 5),
(544, 0, 527, 5),
(545, 0, 528, 5),
(546, 0, 529, 5),
(547, 0, 530, 5),
(548, 0, 531, 5),
(549, 0, 532, 5),
(550, 0, 533, 5),
(551, 0, 534, 5),
(552, 0, 535, 5),
(553, 0, 536, 5),
(554, 0, 537, 5),
(555, 0, 538, 5),
(556, 0, 539, 5),
(557, 0, 540, 5),
(558, 0, 541, 5),
(559, 0, 542, 5),
(560, 0, 543, 5),
(561, 0, 544, 5),
(562, 0, 545, 5),
(563, 0, 546, 5),
(564, 0, 547, 5),
(565, 0, 548, 5),
(566, 0, 549, 5),
(567, 0, 550, 5),
(568, 0, 551, 5),
(569, 0, 552, 5),
(570, 0, 553, 5),
(571, 0, 554, 5),
(572, 0, 555, 5),
(573, 0, 556, 5),
(574, 0, 557, 5),
(575, 0, 558, 5),
(576, 0, 559, 5),
(577, 0, 560, 5),
(578, 0, 561, 5),
(579, 0, 562, 5),
(580, 0, 563, 5),
(581, 0, 564, 5),
(582, 0, 565, 5),
(583, 0, 566, 5),
(584, 0, 567, 5),
(585, 0, 568, 5),
(586, 0, 569, 5),
(587, 0, 570, 5),
(588, 0, 571, 5),
(589, 0, 572, 5),
(590, 0, 573, 5),
(591, 0, 574, 5),
(592, 0, 575, 5),
(593, 0, 576, 5),
(594, 0, 586, 5),
(595, 1, 81, 6),
(596, 1, 86, 6),
(597, 1, 87, 6),
(598, 1, 88, 6),
(599, 1, 89, 6),
(600, 1, 90, 6),
(601, 1, 91, 6),
(602, 1, 92, 6),
(603, 1, 93, 6),
(604, 0, 94, 6),
(605, 0, 95, 6),
(606, 0, 96, 6),
(607, 0, 97, 6),
(608, 0, 98, 6),
(609, 0, 99, 6),
(610, 0, 100, 6),
(611, 0, 101, 6),
(612, 0, 102, 6),
(613, 0, 103, 6),
(614, 0, 104, 6),
(615, 0, 105, 6),
(616, 0, 106, 6),
(617, 0, 107, 6),
(618, 0, 108, 6),
(619, 0, 109, 6),
(620, 0, 110, 6),
(621, 0, 111, 6),
(622, 0, 112, 6),
(623, 0, 113, 6),
(624, 0, 114, 6),
(625, 0, 115, 6),
(626, 0, 116, 6),
(627, 0, 117, 6),
(628, 0, 118, 6),
(629, 0, 119, 6),
(630, 0, 120, 6),
(631, 0, 121, 6),
(632, 0, 122, 6),
(633, 0, 123, 6),
(634, 0, 124, 6),
(635, 0, 125, 6),
(636, 0, 126, 6),
(637, 0, 127, 6),
(638, 0, 128, 6),
(639, 0, 129, 6),
(640, 0, 130, 6),
(641, 0, 131, 6),
(642, 0, 132, 6),
(643, 0, 133, 6),
(644, 0, 134, 6),
(645, 0, 135, 6),
(646, 0, 136, 6),
(647, 0, 137, 6),
(648, 0, 138, 6),
(649, 0, 139, 6),
(650, 0, 140, 6),
(651, 0, 141, 6),
(652, 0, 142, 6),
(653, 0, 143, 6),
(654, 0, 144, 6),
(655, 0, 145, 6),
(656, 0, 146, 6),
(657, 0, 147, 6),
(658, 0, 148, 6),
(659, 0, 149, 6),
(660, 0, 150, 6),
(661, 0, 151, 6),
(662, 0, 152, 6),
(663, 0, 153, 6),
(664, 0, 154, 6),
(665, 0, 155, 6),
(666, 0, 156, 6),
(667, 0, 157, 6),
(668, 0, 158, 6),
(669, 0, 159, 6),
(670, 0, 160, 6),
(671, 0, 161, 6),
(672, 0, 162, 6),
(673, 0, 163, 6),
(674, 0, 164, 6),
(675, 0, 165, 6),
(676, 0, 166, 6),
(677, 0, 167, 6),
(678, 0, 168, 6),
(679, 0, 169, 6),
(680, 0, 170, 6),
(681, 0, 171, 6),
(682, 0, 172, 6),
(683, 0, 173, 6),
(684, 0, 174, 6),
(685, 0, 175, 6),
(686, 0, 176, 6),
(687, 0, 177, 6),
(688, 0, 178, 6),
(689, 0, 179, 6),
(690, 0, 180, 6),
(691, 0, 181, 6),
(692, 0, 182, 6),
(693, 0, 183, 6),
(694, 0, 184, 6),
(695, 0, 185, 6),
(696, 0, 186, 6),
(697, 0, 187, 6),
(698, 0, 188, 6),
(699, 0, 189, 6),
(700, 0, 190, 6),
(701, 0, 191, 6),
(702, 0, 192, 6),
(703, 0, 193, 6),
(704, 0, 194, 6),
(705, 0, 195, 6),
(706, 0, 196, 6),
(707, 0, 197, 6),
(708, 0, 198, 6),
(709, 0, 199, 6),
(710, 0, 200, 6),
(711, 0, 201, 6),
(712, 0, 202, 6),
(713, 0, 203, 6),
(714, 0, 204, 6),
(715, 0, 205, 6),
(716, 0, 206, 6),
(717, 0, 207, 6),
(718, 0, 208, 6),
(719, 0, 209, 6),
(720, 0, 210, 6),
(721, 0, 211, 6),
(722, 0, 212, 6),
(723, 0, 213, 6),
(724, 0, 214, 6),
(725, 0, 215, 6),
(726, 0, 216, 6),
(727, 0, 217, 6),
(728, 0, 218, 6),
(729, 0, 219, 6),
(730, 0, 220, 6),
(731, 0, 221, 6),
(732, 0, 222, 6),
(733, 0, 223, 6),
(734, 0, 224, 6),
(735, 0, 225, 6),
(736, 0, 226, 6),
(737, 0, 227, 6),
(738, 0, 228, 6),
(739, 0, 229, 6),
(740, 0, 230, 6),
(741, 0, 231, 6),
(742, 0, 232, 6),
(743, 0, 233, 6),
(744, 0, 234, 6),
(745, 0, 235, 6),
(746, 0, 236, 6),
(747, 0, 237, 6),
(748, 0, 238, 6),
(749, 0, 239, 6),
(750, 0, 240, 6),
(751, 0, 241, 6),
(752, 0, 242, 6),
(753, 0, 243, 6),
(754, 0, 244, 6),
(755, 0, 245, 6),
(756, 0, 246, 6),
(757, 0, 247, 6),
(758, 0, 248, 6),
(759, 0, 249, 6),
(760, 0, 250, 6),
(761, 0, 251, 6),
(762, 0, 252, 6),
(763, 0, 253, 6),
(764, 0, 254, 6),
(765, 0, 255, 6),
(766, 0, 256, 6),
(767, 0, 257, 6),
(768, 0, 258, 6),
(769, 0, 259, 6),
(770, 0, 260, 6),
(771, 0, 261, 6),
(772, 0, 262, 6),
(773, 0, 263, 6),
(774, 0, 264, 6),
(775, 0, 265, 6),
(776, 0, 266, 6),
(777, 0, 267, 6),
(778, 0, 268, 6),
(779, 0, 269, 6),
(780, 0, 270, 6),
(781, 0, 271, 6),
(782, 0, 272, 6),
(783, 0, 273, 6),
(784, 0, 274, 6),
(785, 0, 275, 6),
(786, 0, 276, 6),
(787, 0, 277, 6),
(788, 0, 278, 6),
(789, 0, 279, 6),
(790, 0, 280, 6),
(791, 0, 281, 6),
(792, 0, 282, 6),
(793, 0, 283, 6),
(794, 0, 284, 6),
(795, 0, 285, 6),
(796, 0, 286, 6),
(797, 0, 287, 6),
(798, 0, 288, 6),
(799, 0, 289, 6),
(800, 0, 290, 6),
(801, 0, 291, 6),
(802, 0, 292, 6),
(803, 0, 293, 6),
(804, 0, 294, 6),
(805, 0, 295, 6),
(806, 0, 296, 6),
(807, 0, 297, 6),
(808, 0, 298, 6),
(809, 0, 299, 6),
(810, 0, 300, 6),
(811, 0, 301, 6),
(812, 0, 302, 6),
(813, 0, 303, 6),
(814, 0, 304, 6),
(815, 0, 305, 6),
(816, 0, 306, 6),
(817, 0, 307, 6),
(818, 0, 308, 6),
(819, 0, 309, 6),
(820, 0, 310, 6),
(821, 0, 311, 6),
(822, 0, 312, 6),
(823, 0, 313, 6),
(824, 0, 314, 6),
(825, 0, 315, 6),
(826, 0, 316, 6),
(827, 0, 317, 6),
(828, 0, 318, 6),
(829, 0, 319, 6),
(830, 0, 320, 6),
(831, 0, 321, 6),
(832, 0, 322, 6),
(833, 0, 323, 6),
(834, 0, 324, 6),
(835, 0, 325, 6),
(836, 0, 326, 6),
(837, 0, 327, 6),
(838, 0, 328, 6),
(839, 0, 329, 6),
(840, 0, 330, 6),
(841, 0, 331, 6),
(842, 0, 332, 6),
(843, 0, 333, 6),
(844, 0, 334, 6),
(845, 0, 335, 6),
(846, 0, 336, 6),
(847, 0, 337, 6),
(848, 0, 338, 6),
(849, 0, 339, 6),
(850, 0, 340, 6),
(851, 0, 341, 6),
(852, 0, 342, 6),
(853, 0, 343, 6),
(854, 0, 344, 6),
(855, 0, 345, 6),
(856, 0, 346, 6),
(857, 0, 347, 6),
(858, 0, 348, 6),
(859, 0, 349, 6),
(860, 0, 350, 6),
(861, 0, 351, 6),
(862, 0, 352, 6),
(863, 0, 353, 6),
(864, 0, 354, 6),
(865, 0, 355, 6),
(866, 0, 356, 6),
(867, 0, 357, 6),
(868, 0, 358, 6),
(869, 0, 359, 6),
(870, 0, 360, 6),
(871, 0, 361, 6),
(872, 0, 362, 6),
(873, 0, 363, 6),
(874, 0, 364, 6),
(875, 0, 365, 6),
(876, 0, 366, 6),
(877, 0, 367, 6),
(878, 0, 368, 6),
(879, 0, 369, 6),
(880, 0, 370, 6),
(881, 0, 371, 6),
(882, 0, 372, 6),
(883, 0, 373, 6),
(884, 0, 374, 6),
(885, 0, 375, 6),
(886, 0, 376, 6),
(887, 0, 377, 6),
(888, 0, 378, 6),
(889, 0, 379, 6),
(890, 0, 380, 6),
(891, 0, 381, 6),
(892, 0, 382, 6),
(893, 0, 383, 6),
(894, 0, 384, 6),
(895, 0, 385, 6),
(896, 0, 386, 6),
(897, 0, 387, 6),
(898, 0, 388, 6),
(899, 0, 389, 6),
(900, 0, 390, 6),
(901, 0, 391, 6),
(902, 0, 392, 6),
(903, 0, 393, 6),
(904, 0, 394, 6),
(905, 0, 395, 6),
(906, 0, 396, 6),
(907, 0, 397, 6),
(908, 0, 398, 6),
(909, 0, 399, 6),
(910, 0, 400, 6),
(911, 0, 401, 6),
(912, 0, 402, 6),
(913, 0, 403, 6),
(914, 0, 404, 6),
(915, 0, 405, 6),
(916, 0, 406, 6),
(917, 0, 407, 6),
(918, 0, 408, 6),
(919, 0, 409, 6),
(920, 0, 410, 6),
(921, 0, 411, 6),
(922, 0, 412, 6),
(923, 0, 413, 6),
(924, 0, 414, 6),
(925, 0, 415, 6),
(926, 0, 416, 6),
(927, 0, 417, 6),
(928, 0, 418, 6),
(929, 0, 419, 6),
(930, 0, 420, 6),
(931, 0, 421, 6),
(932, 0, 422, 6),
(933, 0, 423, 6),
(934, 0, 424, 6),
(935, 0, 425, 6),
(936, 0, 426, 6),
(937, 0, 427, 6),
(938, 0, 428, 6),
(939, 0, 429, 6),
(940, 0, 430, 6),
(941, 0, 431, 6),
(942, 0, 432, 6),
(943, 0, 433, 6),
(944, 0, 434, 6),
(945, 0, 435, 6),
(946, 0, 436, 6),
(947, 0, 437, 6),
(948, 0, 438, 6),
(949, 0, 439, 6),
(950, 0, 440, 6),
(951, 0, 441, 6),
(952, 0, 442, 6),
(953, 0, 443, 6),
(954, 0, 444, 6),
(955, 0, 445, 6),
(956, 0, 446, 6),
(957, 0, 447, 6),
(958, 0, 448, 6),
(959, 0, 449, 6),
(960, 0, 450, 6),
(961, 0, 451, 6),
(962, 0, 452, 6),
(963, 0, 453, 6),
(964, 0, 454, 6),
(965, 0, 455, 6),
(966, 0, 456, 6),
(967, 0, 457, 6),
(968, 0, 458, 6),
(969, 0, 459, 6),
(970, 0, 460, 6),
(971, 0, 461, 6),
(972, 0, 462, 6),
(973, 0, 463, 6),
(974, 0, 464, 6),
(975, 0, 465, 6),
(976, 0, 466, 6),
(977, 0, 467, 6),
(978, 0, 468, 6),
(979, 0, 469, 6),
(980, 0, 470, 6),
(981, 0, 471, 6),
(982, 0, 472, 6),
(983, 0, 473, 6),
(984, 0, 474, 6),
(985, 0, 475, 6),
(986, 0, 476, 6),
(987, 0, 477, 6),
(988, 0, 478, 6),
(989, 0, 479, 6),
(990, 0, 480, 6),
(991, 0, 481, 6),
(992, 0, 482, 6),
(993, 0, 483, 6),
(994, 0, 484, 6),
(995, 0, 485, 6),
(996, 0, 486, 6),
(997, 0, 487, 6),
(998, 0, 488, 6),
(999, 0, 489, 6),
(1000, 0, 490, 6),
(1001, 0, 491, 6),
(1002, 0, 492, 6),
(1003, 0, 493, 6),
(1004, 0, 494, 6),
(1005, 0, 495, 6),
(1006, 0, 496, 6),
(1007, 0, 497, 6),
(1008, 0, 498, 6),
(1009, 0, 499, 6),
(1010, 0, 500, 6),
(1011, 0, 501, 6),
(1012, 0, 502, 6),
(1013, 0, 503, 6),
(1014, 0, 504, 6),
(1015, 0, 505, 6),
(1016, 0, 506, 6),
(1017, 0, 507, 6),
(1018, 0, 508, 6),
(1019, 0, 509, 6),
(1020, 0, 510, 6),
(1021, 0, 511, 6),
(1022, 0, 512, 6),
(1023, 0, 513, 6),
(1024, 0, 514, 6),
(1025, 0, 515, 6),
(1026, 0, 516, 6),
(1027, 0, 517, 6),
(1028, 0, 518, 6),
(1029, 0, 519, 6),
(1030, 0, 520, 6),
(1031, 0, 521, 6),
(1032, 0, 522, 6),
(1033, 0, 523, 6),
(1034, 0, 524, 6),
(1035, 0, 525, 6),
(1036, 0, 526, 6),
(1037, 0, 527, 6),
(1038, 0, 528, 6),
(1039, 0, 529, 6),
(1040, 0, 530, 6),
(1041, 0, 531, 6),
(1042, 0, 532, 6),
(1043, 0, 533, 6),
(1044, 0, 534, 6),
(1045, 0, 535, 6),
(1046, 0, 536, 6),
(1047, 0, 537, 6),
(1048, 0, 538, 6),
(1049, 0, 539, 6),
(1050, 0, 540, 6),
(1051, 0, 541, 6),
(1052, 0, 542, 6),
(1053, 0, 543, 6),
(1054, 0, 544, 6),
(1055, 0, 545, 6),
(1056, 0, 546, 6),
(1057, 0, 547, 6),
(1058, 0, 548, 6),
(1059, 0, 549, 6),
(1060, 0, 550, 6),
(1061, 0, 551, 6),
(1062, 0, 552, 6),
(1063, 0, 553, 6),
(1064, 0, 554, 6),
(1065, 0, 555, 6),
(1066, 0, 556, 6),
(1067, 0, 557, 6),
(1068, 0, 558, 6),
(1069, 0, 559, 6),
(1070, 0, 560, 6),
(1071, 0, 561, 6),
(1072, 0, 562, 6),
(1073, 0, 563, 6),
(1074, 0, 564, 6),
(1075, 0, 565, 6),
(1076, 0, 566, 6),
(1077, 0, 567, 6),
(1078, 0, 568, 6),
(1079, 0, 569, 6),
(1080, 0, 570, 6),
(1081, 0, 571, 6),
(1082, 0, 572, 6),
(1083, 0, 573, 6),
(1084, 0, 574, 6),
(1085, 0, 575, 6),
(1086, 0, 576, 6),
(1087, 0, 586, 6),
(1088, 0, 81, 7),
(1089, 1, 86, 7),
(1090, 1, 87, 7),
(1091, 1, 88, 7),
(1092, 1, 89, 7),
(1093, 1, 90, 7),
(1094, 1, 91, 7),
(1095, 1, 92, 7),
(1096, 1, 93, 7),
(1097, 1, 94, 7),
(1098, 0, 95, 7),
(1099, 0, 96, 7),
(1100, 0, 97, 7),
(1101, 0, 98, 7),
(1102, 0, 99, 7),
(1103, 0, 100, 7),
(1104, 0, 101, 7),
(1105, 0, 102, 7),
(1106, 0, 103, 7),
(1107, 0, 104, 7),
(1108, 0, 105, 7),
(1109, 0, 106, 7),
(1110, 0, 107, 7),
(1111, 0, 108, 7),
(1112, 0, 109, 7),
(1113, 0, 110, 7),
(1114, 0, 111, 7),
(1115, 0, 112, 7),
(1116, 0, 113, 7),
(1117, 0, 114, 7),
(1118, 0, 115, 7),
(1119, 0, 116, 7),
(1120, 0, 117, 7),
(1121, 0, 118, 7),
(1122, 0, 119, 7),
(1123, 0, 120, 7),
(1124, 0, 121, 7),
(1125, 0, 122, 7),
(1126, 0, 123, 7),
(1127, 0, 124, 7),
(1128, 0, 125, 7),
(1129, 0, 126, 7),
(1130, 0, 127, 7),
(1131, 0, 128, 7),
(1132, 0, 129, 7),
(1133, 0, 130, 7),
(1134, 0, 131, 7),
(1135, 0, 132, 7),
(1136, 0, 133, 7),
(1137, 0, 134, 7),
(1138, 0, 135, 7),
(1139, 0, 136, 7),
(1140, 0, 137, 7),
(1141, 0, 138, 7),
(1142, 0, 139, 7),
(1143, 0, 140, 7),
(1144, 0, 141, 7),
(1145, 0, 142, 7),
(1146, 0, 143, 7),
(1147, 0, 144, 7),
(1148, 0, 145, 7),
(1149, 0, 146, 7),
(1150, 0, 147, 7),
(1151, 0, 148, 7),
(1152, 0, 149, 7),
(1153, 0, 150, 7),
(1154, 0, 151, 7),
(1155, 0, 152, 7),
(1156, 0, 153, 7),
(1157, 0, 154, 7),
(1158, 0, 155, 7),
(1159, 0, 156, 7),
(1160, 0, 157, 7),
(1161, 0, 158, 7),
(1162, 0, 159, 7),
(1163, 1, 160, 7),
(1164, 1, 161, 7),
(1165, 1, 162, 7),
(1166, 1, 163, 7),
(1167, 0, 164, 7),
(1168, 0, 165, 7),
(1169, 0, 166, 7),
(1170, 0, 167, 7),
(1171, 0, 168, 7),
(1172, 0, 169, 7),
(1173, 0, 170, 7),
(1174, 0, 171, 7),
(1175, 0, 172, 7),
(1176, 0, 173, 7),
(1177, 0, 174, 7),
(1178, 0, 175, 7),
(1179, 0, 176, 7),
(1180, 0, 177, 7),
(1181, 0, 178, 7),
(1182, 0, 179, 7),
(1183, 0, 180, 7),
(1184, 0, 181, 7),
(1185, 0, 182, 7),
(1186, 0, 183, 7),
(1187, 0, 184, 7),
(1188, 0, 185, 7),
(1189, 0, 186, 7),
(1190, 0, 187, 7),
(1191, 0, 188, 7),
(1192, 0, 189, 7),
(1193, 0, 190, 7),
(1194, 0, 191, 7),
(1195, 0, 192, 7),
(1196, 0, 193, 7),
(1197, 0, 194, 7),
(1198, 0, 195, 7),
(1199, 0, 196, 7),
(1200, 0, 197, 7),
(1201, 0, 198, 7),
(1202, 0, 199, 7),
(1203, 0, 200, 7),
(1204, 0, 201, 7),
(1205, 0, 202, 7),
(1206, 0, 203, 7),
(1207, 0, 204, 7),
(1208, 0, 205, 7),
(1209, 0, 206, 7),
(1210, 0, 207, 7),
(1211, 0, 208, 7),
(1212, 0, 209, 7),
(1213, 0, 210, 7),
(1214, 0, 211, 7),
(1215, 0, 212, 7),
(1216, 0, 213, 7),
(1217, 0, 214, 7),
(1218, 0, 215, 7),
(1219, 0, 216, 7),
(1220, 0, 217, 7),
(1221, 0, 218, 7),
(1222, 0, 219, 7),
(1223, 0, 220, 7),
(1224, 0, 221, 7),
(1225, 0, 222, 7),
(1226, 0, 223, 7),
(1227, 0, 224, 7),
(1228, 0, 225, 7),
(1229, 0, 226, 7),
(1230, 0, 227, 7),
(1231, 0, 228, 7),
(1232, 0, 229, 7),
(1233, 0, 230, 7),
(1234, 0, 231, 7),
(1235, 0, 232, 7),
(1236, 0, 233, 7),
(1237, 0, 234, 7),
(1238, 0, 235, 7),
(1239, 0, 236, 7),
(1240, 0, 237, 7),
(1241, 0, 238, 7),
(1242, 0, 239, 7),
(1243, 0, 240, 7),
(1244, 0, 241, 7),
(1245, 0, 242, 7),
(1246, 0, 243, 7),
(1247, 0, 244, 7),
(1248, 0, 245, 7),
(1249, 0, 246, 7),
(1250, 0, 247, 7),
(1251, 0, 248, 7),
(1252, 0, 249, 7),
(1253, 0, 250, 7),
(1254, 0, 251, 7),
(1255, 0, 252, 7),
(1256, 0, 253, 7),
(1257, 0, 254, 7),
(1258, 0, 255, 7),
(1259, 0, 256, 7),
(1260, 0, 257, 7),
(1261, 0, 258, 7),
(1262, 0, 259, 7),
(1263, 0, 260, 7),
(1264, 0, 261, 7),
(1265, 0, 262, 7),
(1266, 0, 263, 7),
(1267, 0, 264, 7),
(1268, 0, 265, 7),
(1269, 0, 266, 7),
(1270, 0, 267, 7),
(1271, 0, 268, 7),
(1272, 0, 269, 7),
(1273, 0, 270, 7),
(1274, 0, 271, 7),
(1275, 0, 272, 7),
(1276, 0, 273, 7),
(1277, 0, 274, 7),
(1278, 0, 275, 7),
(1279, 0, 276, 7),
(1280, 0, 277, 7),
(1281, 0, 278, 7),
(1282, 0, 279, 7),
(1283, 0, 280, 7),
(1284, 0, 281, 7),
(1285, 0, 282, 7),
(1286, 0, 283, 7),
(1287, 0, 284, 7),
(1288, 0, 285, 7),
(1289, 0, 286, 7),
(1290, 0, 287, 7),
(1291, 0, 288, 7),
(1292, 0, 289, 7),
(1293, 0, 290, 7),
(1294, 0, 291, 7),
(1295, 0, 292, 7),
(1296, 0, 293, 7),
(1297, 0, 294, 7),
(1298, 0, 295, 7),
(1299, 0, 296, 7),
(1300, 0, 297, 7),
(1301, 0, 298, 7),
(1302, 0, 299, 7),
(1303, 0, 300, 7),
(1304, 0, 301, 7),
(1305, 0, 302, 7),
(1306, 0, 303, 7),
(1307, 0, 304, 7),
(1308, 0, 305, 7),
(1309, 0, 306, 7),
(1310, 0, 307, 7),
(1311, 0, 308, 7),
(1312, 0, 309, 7),
(1313, 0, 310, 7),
(1314, 0, 311, 7),
(1315, 0, 312, 7),
(1316, 0, 313, 7),
(1317, 0, 314, 7),
(1318, 0, 315, 7),
(1319, 0, 316, 7),
(1320, 0, 317, 7),
(1321, 0, 318, 7),
(1322, 0, 319, 7),
(1323, 0, 320, 7),
(1324, 0, 321, 7),
(1325, 0, 322, 7),
(1326, 0, 323, 7),
(1327, 0, 324, 7),
(1328, 0, 325, 7),
(1329, 0, 326, 7),
(1330, 0, 327, 7),
(1331, 0, 328, 7),
(1332, 0, 329, 7),
(1333, 0, 330, 7),
(1334, 0, 331, 7),
(1335, 0, 332, 7),
(1336, 0, 333, 7),
(1337, 0, 334, 7),
(1338, 0, 335, 7),
(1339, 0, 336, 7),
(1340, 0, 337, 7),
(1341, 0, 338, 7),
(1342, 0, 339, 7),
(1343, 0, 340, 7),
(1344, 0, 341, 7),
(1345, 0, 342, 7),
(1346, 0, 343, 7),
(1347, 0, 344, 7),
(1348, 0, 345, 7),
(1349, 0, 346, 7),
(1350, 0, 347, 7),
(1351, 0, 348, 7),
(1352, 0, 349, 7),
(1353, 0, 350, 7),
(1354, 0, 351, 7),
(1355, 0, 352, 7),
(1356, 0, 353, 7),
(1357, 0, 354, 7),
(1358, 0, 355, 7),
(1359, 0, 356, 7),
(1360, 0, 357, 7),
(1361, 0, 358, 7),
(1362, 0, 359, 7),
(1363, 0, 360, 7),
(1364, 0, 361, 7),
(1365, 0, 362, 7),
(1366, 0, 363, 7),
(1367, 0, 364, 7),
(1368, 0, 365, 7),
(1369, 0, 366, 7),
(1370, 0, 367, 7),
(1371, 0, 368, 7),
(1372, 0, 369, 7),
(1373, 0, 370, 7),
(1374, 0, 371, 7),
(1375, 0, 372, 7),
(1376, 0, 373, 7),
(1377, 0, 374, 7),
(1378, 0, 375, 7),
(1379, 0, 376, 7),
(1380, 0, 377, 7),
(1381, 0, 378, 7),
(1382, 0, 379, 7),
(1383, 0, 380, 7),
(1384, 0, 381, 7),
(1385, 0, 382, 7),
(1386, 0, 383, 7),
(1387, 0, 384, 7),
(1388, 0, 385, 7),
(1389, 0, 386, 7),
(1390, 0, 387, 7),
(1391, 0, 388, 7),
(1392, 0, 389, 7),
(1393, 0, 390, 7),
(1394, 0, 391, 7),
(1395, 0, 392, 7),
(1396, 0, 393, 7),
(1397, 0, 394, 7),
(1398, 0, 395, 7),
(1399, 0, 396, 7),
(1400, 0, 397, 7),
(1401, 0, 398, 7),
(1402, 0, 399, 7),
(1403, 0, 400, 7),
(1404, 0, 401, 7),
(1405, 0, 402, 7),
(1406, 0, 403, 7),
(1407, 0, 404, 7),
(1408, 0, 405, 7),
(1409, 0, 406, 7),
(1410, 0, 407, 7),
(1411, 0, 408, 7),
(1412, 0, 409, 7),
(1413, 0, 410, 7),
(1414, 0, 411, 7),
(1415, 0, 412, 7),
(1416, 0, 413, 7),
(1417, 0, 414, 7),
(1418, 0, 415, 7),
(1419, 0, 416, 7),
(1420, 0, 417, 7),
(1421, 0, 418, 7),
(1422, 0, 419, 7),
(1423, 0, 420, 7),
(1424, 0, 421, 7),
(1425, 0, 422, 7),
(1426, 0, 423, 7),
(1427, 0, 424, 7),
(1428, 0, 425, 7),
(1429, 0, 426, 7),
(1430, 0, 427, 7),
(1431, 0, 428, 7),
(1432, 0, 429, 7),
(1433, 0, 430, 7),
(1434, 0, 431, 7),
(1435, 0, 432, 7),
(1436, 0, 433, 7),
(1437, 0, 434, 7),
(1438, 0, 435, 7),
(1439, 0, 436, 7),
(1440, 0, 437, 7),
(1441, 0, 438, 7),
(1442, 0, 439, 7),
(1443, 0, 440, 7),
(1444, 0, 441, 7),
(1445, 0, 442, 7),
(1446, 0, 443, 7),
(1447, 0, 444, 7),
(1448, 0, 445, 7),
(1449, 0, 446, 7),
(1450, 0, 447, 7),
(1451, 0, 448, 7),
(1452, 0, 449, 7),
(1453, 0, 450, 7),
(1454, 0, 451, 7),
(1455, 0, 452, 7),
(1456, 0, 453, 7),
(1457, 0, 454, 7),
(1458, 0, 455, 7),
(1459, 0, 456, 7),
(1460, 0, 457, 7),
(1461, 0, 458, 7),
(1462, 0, 459, 7),
(1463, 0, 460, 7),
(1464, 0, 461, 7),
(1465, 0, 462, 7),
(1466, 0, 463, 7),
(1467, 0, 464, 7),
(1468, 0, 465, 7),
(1469, 0, 466, 7),
(1470, 0, 467, 7),
(1471, 0, 468, 7),
(1472, 0, 469, 7),
(1473, 0, 470, 7),
(1474, 0, 471, 7),
(1475, 0, 472, 7),
(1476, 0, 473, 7),
(1477, 0, 474, 7),
(1478, 0, 475, 7),
(1479, 0, 476, 7),
(1480, 0, 477, 7),
(1481, 0, 478, 7),
(1482, 0, 479, 7),
(1483, 0, 480, 7),
(1484, 0, 481, 7),
(1485, 0, 482, 7),
(1486, 0, 483, 7),
(1487, 0, 484, 7),
(1488, 0, 485, 7),
(1489, 0, 486, 7),
(1490, 0, 487, 7),
(1491, 0, 488, 7),
(1492, 0, 489, 7),
(1493, 0, 490, 7),
(1494, 0, 491, 7),
(1495, 0, 492, 7),
(1496, 0, 493, 7),
(1497, 0, 494, 7),
(1498, 0, 495, 7),
(1499, 0, 496, 7),
(1500, 0, 497, 7),
(1501, 0, 498, 7),
(1502, 0, 499, 7),
(1503, 0, 500, 7),
(1504, 0, 501, 7),
(1505, 0, 502, 7),
(1506, 0, 503, 7),
(1507, 0, 504, 7),
(1508, 0, 505, 7),
(1509, 0, 506, 7),
(1510, 0, 507, 7),
(1511, 0, 508, 7),
(1512, 0, 509, 7),
(1513, 0, 510, 7),
(1514, 0, 511, 7),
(1515, 0, 512, 7),
(1516, 0, 513, 7),
(1517, 0, 514, 7),
(1518, 0, 515, 7),
(1519, 0, 516, 7),
(1520, 0, 517, 7),
(1521, 0, 518, 7),
(1522, 0, 519, 7),
(1523, 0, 520, 7),
(1524, 0, 521, 7),
(1525, 0, 522, 7),
(1526, 0, 523, 7),
(1527, 0, 524, 7),
(1528, 0, 525, 7),
(1529, 0, 526, 7),
(1530, 0, 527, 7),
(1531, 0, 528, 7),
(1532, 0, 529, 7),
(1533, 0, 530, 7),
(1534, 0, 531, 7),
(1535, 0, 532, 7),
(1536, 0, 533, 7),
(1537, 0, 534, 7),
(1538, 0, 535, 7),
(1539, 0, 536, 7),
(1540, 0, 537, 7),
(1541, 0, 538, 7),
(1542, 0, 539, 7),
(1543, 0, 540, 7),
(1544, 0, 541, 7),
(1545, 0, 542, 7),
(1546, 0, 543, 7),
(1547, 0, 544, 7),
(1548, 0, 545, 7),
(1549, 0, 546, 7),
(1550, 0, 547, 7),
(1551, 0, 548, 7),
(1552, 0, 549, 7),
(1553, 0, 550, 7),
(1554, 0, 551, 7),
(1555, 0, 552, 7),
(1556, 0, 553, 7),
(1557, 0, 554, 7),
(1558, 0, 555, 7),
(1559, 0, 556, 7),
(1560, 0, 557, 7),
(1561, 0, 558, 7),
(1562, 0, 559, 7),
(1563, 0, 560, 7),
(1564, 0, 561, 7),
(1565, 0, 562, 7),
(1566, 0, 563, 7),
(1567, 0, 564, 7),
(1568, 0, 565, 7),
(1569, 0, 566, 7),
(1570, 0, 567, 7),
(1571, 0, 568, 7),
(1572, 0, 569, 7),
(1573, 0, 570, 7),
(1574, 0, 571, 7),
(1575, 0, 572, 7),
(1576, 0, 573, 7),
(1577, 0, 574, 7),
(1578, 0, 575, 7),
(1579, 0, 576, 7),
(1580, 0, 586, 7),
(1581, 0, 588, 7);

-- --------------------------------------------------------

--
-- Cấu trúc bảng cho bảng `tbl_event`
--

CREATE TABLE `tbl_event` (
  `event_id` int(11) NOT NULL,
  `nameEvent` varchar(255) NOT NULL,
  `title` text NOT NULL,
  `short_content` text NOT NULL,
  `content` text NOT NULL,
  `startDay` datetime NOT NULL,
  `endDay` datetime NOT NULL,
  `place` varchar(255) NOT NULL,
  `request` varchar(255) NOT NULL,
  `create_at` timestamp NOT NULL DEFAULT current_timestamp() ON UPDATE current_timestamp(),
  `update_at` timestamp NULL DEFAULT NULL,
  `img` varchar(255) NOT NULL,
  `type_event` int(11) NOT NULL,
  `clb_id` int(11) NOT NULL
) ENGINE=InnoDB DEFAULT CHARSET=utf8;

--
-- Đang đổ dữ liệu cho bảng `tbl_event`
--

INSERT INTO `tbl_event` (`event_id`, `nameEvent`, `title`, `short_content`, `content`, `startDay`, `endDay`, `place`, `request`, `create_at`, `update_at`, `img`, `type_event`, `clb_id`) VALUES
(21, 'Người dân thế giới mong đợi gì cho Năm mới 2021', '<p><span style=\"font-size:16px\"><strong>VOV.VN - Kh&eacute;p lại một năm 2020 đầy biến động, c&oacute; lẽ ngo&agrave;i những điều mong ước cho bản th&acirc;n v&agrave; gia đ&igrave;nh, chưa bao giờ người d&acirc;n thế giới lại c&oacute; chung một mong ước giản dị như hiện nay.</strong></span></p>\r\n', '<p>Kh&ocirc;ng c&oacute; những m&agrave;n đếm ngược đ&ocirc;ng nghẹt người hay c&aacute;c bữa tiệc tưng bừng tr&ecirc;n đường phố, nhưng người d&acirc;n thế giới vẫn đ&oacute;n ch&agrave;o 2021 với nhưng những m&agrave;n ph&aacute;o hoa rực s&aacute;ng tr&ecirc;n bầu trời đ&ecirc;m mang theo nhiều hi vọng v&agrave; ước nguyện về một năm mới&nbsp;y&ecirc;n b&igrave;nh v&agrave; tươi s&aacute;ng hơn.</p>\r\n', '<p>Kh&ocirc;ng v&igrave; Covid-19 m&agrave; những tiếng chu&ocirc;ng đồng hồ Big Ben của Anh ng&acirc;n b&eacute; hơn hay những người tham dự tại đ&oacute;, d&ugrave; với số lượng rất hạn chế, cũng cảm thấy bớt h&agrave;o hứng hơn khi thời khắc năm mới đến.</p>\r\n\r\n<p>Đối với người d&acirc;n Anh sau nhiều năm Brexit trắc trở, năm 2021 l&agrave; thời điểm ch&iacute;nh thức nước Anh ra khỏi ng&ocirc;i nh&agrave; chung ch&acirc;u &Acirc;u, với nhiều những hi vọng về thịnh vượng v&agrave; ph&aacute;t triển sẽ đến với người d&acirc;n xứ sở sương m&ugrave;.</p>\r\n\r\n<p>&ldquo;Thật tuyệt vời khi Brexit cũng ho&agrave;n th&agrave;nh. Hi vọng nước Anh sẽ c&oacute; sự khởi đầu tốt hơn. Đ&acirc;y sẽ l&agrave; điều tuyệt vời&rdquo;, một người d&acirc;n Anh cho biết.</p>\r\n\r\n<p>&ldquo;T&ocirc;i kh&aacute; lo lắng v&igrave; năm nay l&agrave; năm quan trọng khi t&ocirc;i tốt nghiệp đại học trong bối cảnh đất nước c&oacute; nhiều thay đổi. Hi vọng mọi thứ sẽ tốt đẹp&rdquo;, một người kh&aacute;c b&agrave;y tỏ.</p>\r\n\r\n<p>Năm mới đến với người d&acirc;n Nga bằng m&agrave;n ph&aacute;o hoa rực rỡ tr&ecirc;n Quảng trường đỏ v&agrave; Điện Kremlin mặc d&ugrave; họ chỉ được tận hưởng kh&ocirc;ng kh&iacute; qua m&agrave;n h&igrave;nh. Quảng trường bị phong tỏa, c&aacute;c nh&agrave; h&agrave;ng v&agrave; qu&aacute;n bar đ&oacute;ng cửa để giảm nguy cơ l&acirc;y nhiễm dịch bệnh cũng l&agrave; điều th&uacute; vị, khi c&aacute;c gia đ&igrave;nh c&oacute; cơ hội qu&acirc;y quần trong khoảnh khắc quan trọng nhất. Một nước Nga thịnh vượng v&agrave; ph&aacute;t triển l&agrave; điều nhiều người d&acirc;n nước n&agrave;y mong muốn trong năm 2021.</p>\r\n\r\n<p>&ldquo;Năm mới mang đến hi vọng về sự th&agrave;nh c&ocirc;ng v&agrave; mới mẻ. Nước Nga sẽ ph&aacute;t triển mạnh mẽ v&agrave; điều quan trọng nhất l&agrave; h&ograve;a b&igrave;nh. Ch&uacute;c mừng năm mới mọi người&rdquo;, một người d&acirc;n ở Moscow n&oacute;i.</p>\r\n\r\n<p>Trầm lắng hơn một ch&uacute;t so với mọi năm nhưng kh&ocirc;ng v&igrave; thế kh&ocirc;ng kh&iacute; năm mới tại c&aacute;c nước Trung Đ&ocirc;ng k&eacute;m rộn r&agrave;ng Từ Dubai hoa lệ đến th&agrave;nh phố Mosul bất ổn của Iraq, những người d&acirc;n Trung Đ&ocirc;ng vẫn đ&oacute;n năm mới với ph&aacute;o hoa rực r&otilde; v&agrave; &acirc;m nhạc rộn r&agrave;ng. Ngo&agrave;i những điểm tổ chức đ&oacute;n năm mới lớn hạn chế người tham dự được truyền trực tuyến tới người d&acirc;n, tiếng nhạc đ&oacute;n ch&agrave;o năm mới vẫn rộn r&agrave;ng tr&ecirc;n phố, chen v&agrave;o từng ng&ocirc;i nh&agrave;, cộng hưởng th&agrave;nh một bữa tiệc &acirc;m nhạc s&ocirc;i động. Kh&ocirc;ng kh&iacute; năm mới cũng tr&agrave;n đến th&agrave;nh phố Mosul của Iraq - nơi chứng kiến xung đột v&agrave; bất ổn nhiều năm qua. Đối với người d&acirc;n th&agrave;nh phố, 2021 l&agrave; năm mới của hi vọng v&agrave; h&ograve;a b&igrave;nh cho người d&acirc;n th&agrave;nh phố vốn đ&atilde; chịu nhiều mất m&aacute;t.</p>\r\n\r\n<p>&ldquo;Mosul đ&atilde; kh&ocirc;ng c&ograve;n chiến tranh nhưng lại phải đối mặt với một năm dịch bệnh. Kinh tế kh&oacute; khăn v&agrave; đại dịch vẫn tiếp diễn. Tuy nhi&ecirc;n ch&uacute;ng ta vẫn phải sống v&agrave; lạc quan. V&igrave; vậy ch&uacute;ng t&ocirc;i vẫn tổ chức đ&oacute;n tiệc năm mới nhưng tu&acirc;n thủ c&aacute;c điều kiện nghi&ecirc;m ngặt&rdquo;, người d&acirc;n Mosul b&agrave;y tỏ.</p>\r\n\r\n<p>Kh&eacute;p lại một năm 2020 đầy biến động, c&oacute; lẽ ngo&agrave;i những điều mong ước cho bản th&acirc;n v&agrave; gia đ&igrave;nh, chưa bao giờ người d&acirc;n thế giới lại c&oacute; chung một mong ước giản dị như hiện nay. Từ ch&acirc;u &Acirc;u, ch&acirc;u &Aacute; hay đến ch&acirc;u Phi đầy nắng gi&oacute;, người d&acirc;n đều c&oacute; chung một điều ước đ&oacute; l&agrave; &ldquo;mong đại dịch Covid-19 qua nhanh để được đi lại v&agrave; trở về cuộc sống b&igrave;nh thường như trước:</p>\r\n\r\n<p>Kh&ocirc;ng kh&iacute; đ&oacute;n năm mới 2021&nbsp;c&oacute; trầm lắng hơn mọi năm do đại dịch, nhưng người d&acirc;n thế giới vẫn tận hưởng thời khắc quan trọng bằng những c&aacute;ch đặc biệt, với tinh thần lạc quan, hy vọng thế giới sẽ c&oacute; một Năm mới 2021 nhiều may mắn hơn./.</p>\r\n', '2021-01-01 13:59:00', '2021-01-16 13:59:00', 'Việt Nam', 'test', '2021-01-01 07:49:39', NULL, '53ad00415a.png', 1, 0),
(22, 'Người dân thế giới mong đợi gì cho Năm mới 2021', '<p><span style=\"font-size:16px\"><strong>VOV.VN - Kh&eacute;p lại một năm 2020 đầy biến động, c&oacute; lẽ ngo&agrave;i những điều mong ước cho bản th&acirc;n v&agrave; gia đ&igrave;nh, chưa bao giờ người d&acirc;n thế giới lại c&oacute; chung một mong ước giản dị như hiện nay.</strong></span></p>\r\n', '<p>Kh&ocirc;ng c&oacute; những m&agrave;n đếm ngược đ&ocirc;ng nghẹt người hay c&aacute;c bữa tiệc tưng bừng tr&ecirc;n đường phố, nhưng người d&acirc;n thế giới vẫn đ&oacute;n ch&agrave;o 2021 với nhưng những m&agrave;n ph&aacute;o hoa rực s&aacute;ng tr&ecirc;n bầu trời đ&ecirc;m mang theo nhiều hi vọng v&agrave; ước nguyện về một năm mới&nbsp;y&ecirc;n b&igrave;nh v&agrave; tươi s&aacute;ng hơn.</p>\r\n', '<p>Kh&ocirc;ng v&igrave; Covid-19 m&agrave; những tiếng chu&ocirc;ng đồng hồ Big Ben của Anh ng&acirc;n b&eacute; hơn hay những người tham dự tại đ&oacute;, d&ugrave; với số lượng rất hạn chế, cũng cảm thấy bớt h&agrave;o hứng hơn khi thời khắc năm mới đến.</p>\r\n\r\n<p>Đối với người d&acirc;n Anh sau nhiều năm Brexit trắc trở, năm 2021 l&agrave; thời điểm ch&iacute;nh thức nước Anh ra khỏi ng&ocirc;i nh&agrave; chung ch&acirc;u &Acirc;u, với nhiều những hi vọng về thịnh vượng v&agrave; ph&aacute;t triển sẽ đến với người d&acirc;n xứ sở sương m&ugrave;.</p>\r\n\r\n<p>&ldquo;Thật tuyệt vời khi Brexit cũng ho&agrave;n th&agrave;nh. Hi vọng nước Anh sẽ c&oacute; sự khởi đầu tốt hơn. Đ&acirc;y sẽ l&agrave; điều tuyệt vời&rdquo;, một người d&acirc;n Anh cho biết.</p>\r\n\r\n<p>&ldquo;T&ocirc;i kh&aacute; lo lắng v&igrave; năm nay l&agrave; năm quan trọng khi t&ocirc;i tốt nghiệp đại học trong bối cảnh đất nước c&oacute; nhiều thay đổi. Hi vọng mọi thứ sẽ tốt đẹp&rdquo;, một người kh&aacute;c b&agrave;y tỏ.</p>\r\n\r\n<p>Năm mới đến với người d&acirc;n Nga bằng m&agrave;n ph&aacute;o hoa rực rỡ tr&ecirc;n Quảng trường đỏ v&agrave; Điện Kremlin mặc d&ugrave; họ chỉ được tận hưởng kh&ocirc;ng kh&iacute; qua m&agrave;n h&igrave;nh. Quảng trường bị phong tỏa, c&aacute;c nh&agrave; h&agrave;ng v&agrave; qu&aacute;n bar đ&oacute;ng cửa để giảm nguy cơ l&acirc;y nhiễm dịch bệnh cũng l&agrave; điều th&uacute; vị, khi c&aacute;c gia đ&igrave;nh c&oacute; cơ hội qu&acirc;y quần trong khoảnh khắc quan trọng nhất. Một nước Nga thịnh vượng v&agrave; ph&aacute;t triển l&agrave; điều nhiều người d&acirc;n nước n&agrave;y mong muốn trong năm 2021.</p>\r\n\r\n<p>&ldquo;Năm mới mang đến hi vọng về sự th&agrave;nh c&ocirc;ng v&agrave; mới mẻ. Nước Nga sẽ ph&aacute;t triển mạnh mẽ v&agrave; điều quan trọng nhất l&agrave; h&ograve;a b&igrave;nh. Ch&uacute;c mừng năm mới mọi người&rdquo;, một người d&acirc;n ở Moscow n&oacute;i.</p>\r\n\r\n<p>Trầm lắng hơn một ch&uacute;t so với mọi năm nhưng kh&ocirc;ng v&igrave; thế kh&ocirc;ng kh&iacute; năm mới tại c&aacute;c nước Trung Đ&ocirc;ng k&eacute;m rộn r&agrave;ng Từ Dubai hoa lệ đến th&agrave;nh phố Mosul bất ổn của Iraq, những người d&acirc;n Trung Đ&ocirc;ng vẫn đ&oacute;n năm mới với ph&aacute;o hoa rực r&otilde; v&agrave; &acirc;m nhạc rộn r&agrave;ng. Ngo&agrave;i những điểm tổ chức đ&oacute;n năm mới lớn hạn chế người tham dự được truyền trực tuyến tới người d&acirc;n, tiếng nhạc đ&oacute;n ch&agrave;o năm mới vẫn rộn r&agrave;ng tr&ecirc;n phố, chen v&agrave;o từng ng&ocirc;i nh&agrave;, cộng hưởng th&agrave;nh một bữa tiệc &acirc;m nhạc s&ocirc;i động. Kh&ocirc;ng kh&iacute; năm mới cũng tr&agrave;n đến th&agrave;nh phố Mosul của Iraq - nơi chứng kiến xung đột v&agrave; bất ổn nhiều năm qua. Đối với người d&acirc;n th&agrave;nh phố, 2021 l&agrave; năm mới của hi vọng v&agrave; h&ograve;a b&igrave;nh cho người d&acirc;n th&agrave;nh phố vốn đ&atilde; chịu nhiều mất m&aacute;t.</p>\r\n\r\n<p>&ldquo;Mosul đ&atilde; kh&ocirc;ng c&ograve;n chiến tranh nhưng lại phải đối mặt với một năm dịch bệnh. Kinh tế kh&oacute; khăn v&agrave; đại dịch vẫn tiếp diễn. Tuy nhi&ecirc;n ch&uacute;ng ta vẫn phải sống v&agrave; lạc quan. V&igrave; vậy ch&uacute;ng t&ocirc;i vẫn tổ chức đ&oacute;n tiệc năm mới nhưng tu&acirc;n thủ c&aacute;c điều kiện nghi&ecirc;m ngặt&rdquo;, người d&acirc;n Mosul b&agrave;y tỏ.</p>\r\n\r\n<p>Kh&eacute;p lại một năm 2020 đầy biến động, c&oacute; lẽ ngo&agrave;i những điều mong ước cho bản th&acirc;n v&agrave; gia đ&igrave;nh, chưa bao giờ người d&acirc;n thế giới lại c&oacute; chung một mong ước giản dị như hiện nay. Từ ch&acirc;u &Acirc;u, ch&acirc;u &Aacute; hay đến ch&acirc;u Phi đầy nắng gi&oacute;, người d&acirc;n đều c&oacute; chung một điều ước đ&oacute; l&agrave; &ldquo;mong đại dịch Covid-19 qua nhanh để được đi lại v&agrave; trở về cuộc sống b&igrave;nh thường như trước:</p>\r\n\r\n<p>Kh&ocirc;ng kh&iacute; đ&oacute;n năm mới 2021&nbsp;c&oacute; trầm lắng hơn mọi năm do đại dịch, nhưng người d&acirc;n thế giới vẫn tận hưởng thời khắc quan trọng bằng những c&aacute;ch đặc biệt, với tinh thần lạc quan, hy vọng thế giới sẽ c&oacute; một Năm mới 2021 nhiều may mắn hơn./.</p>\r\n', '2021-01-01 13:59:00', '2021-01-16 13:59:00', 'Việt Nam', 'test', '2021-01-13 15:04:08', NULL, '45ec6c7d25.jpeg', 1, 0),
(23, 'Người dân thế giới mong đợi gì cho Năm mới 2021', '<p><span style=\"font-size:16px\"><strong>VOV.VN - Kh&eacute;p lại một năm 2020 đầy biến động, c&oacute; lẽ ngo&agrave;i những điều mong ước cho bản th&acirc;n v&agrave; gia đ&igrave;nh, chưa bao giờ người d&acirc;n thế giới lại c&oacute; chung một mong ước giản dị như hiện nay.</strong></span></p>\r\n', '<p>Kh&ocirc;ng c&oacute; những m&agrave;n đếm ngược đ&ocirc;ng nghẹt người hay c&aacute;c bữa tiệc tưng bừng tr&ecirc;n đường phố, nhưng người d&acirc;n thế giới vẫn đ&oacute;n ch&agrave;o 2021 với nhưng những m&agrave;n ph&aacute;o hoa rực s&aacute;ng tr&ecirc;n bầu trời đ&ecirc;m mang theo nhiều hi vọng v&agrave; ước nguyện về một năm mới&nbsp;y&ecirc;n b&igrave;nh v&agrave; tươi s&aacute;ng hơn.</p>\r\n', '<p>Kh&ocirc;ng v&igrave; Covid-19 m&agrave; những tiếng chu&ocirc;ng đồng hồ Big Ben của Anh ng&acirc;n b&eacute; hơn hay những người tham dự tại đ&oacute;, d&ugrave; với số lượng rất hạn chế, cũng cảm thấy bớt h&agrave;o hứng hơn khi thời khắc năm mới đến.</p>\r\n\r\n<p>Đối với người d&acirc;n Anh sau nhiều năm Brexit trắc trở, năm 2021 l&agrave; thời điểm ch&iacute;nh thức nước Anh ra khỏi ng&ocirc;i nh&agrave; chung ch&acirc;u &Acirc;u, với nhiều những hi vọng về thịnh vượng v&agrave; ph&aacute;t triển sẽ đến với người d&acirc;n xứ sở sương m&ugrave;.</p>\r\n\r\n<p>&ldquo;Thật tuyệt vời khi Brexit cũng ho&agrave;n th&agrave;nh. Hi vọng nước Anh sẽ c&oacute; sự khởi đầu tốt hơn. Đ&acirc;y sẽ l&agrave; điều tuyệt vời&rdquo;, một người d&acirc;n Anh cho biết.</p>\r\n\r\n<p>&ldquo;T&ocirc;i kh&aacute; lo lắng v&igrave; năm nay l&agrave; năm quan trọng khi t&ocirc;i tốt nghiệp đại học trong bối cảnh đất nước c&oacute; nhiều thay đổi. Hi vọng mọi thứ sẽ tốt đẹp&rdquo;, một người kh&aacute;c b&agrave;y tỏ.</p>\r\n\r\n<p>Năm mới đến với người d&acirc;n Nga bằng m&agrave;n ph&aacute;o hoa rực rỡ tr&ecirc;n Quảng trường đỏ v&agrave; Điện Kremlin mặc d&ugrave; họ chỉ được tận hưởng kh&ocirc;ng kh&iacute; qua m&agrave;n h&igrave;nh. Quảng trường bị phong tỏa, c&aacute;c nh&agrave; h&agrave;ng v&agrave; qu&aacute;n bar đ&oacute;ng cửa để giảm nguy cơ l&acirc;y nhiễm dịch bệnh cũng l&agrave; điều th&uacute; vị, khi c&aacute;c gia đ&igrave;nh c&oacute; cơ hội qu&acirc;y quần trong khoảnh khắc quan trọng nhất. Một nước Nga thịnh vượng v&agrave; ph&aacute;t triển l&agrave; điều nhiều người d&acirc;n nước n&agrave;y mong muốn trong năm 2021.</p>\r\n\r\n<p>&ldquo;Năm mới mang đến hi vọng về sự th&agrave;nh c&ocirc;ng v&agrave; mới mẻ. Nước Nga sẽ ph&aacute;t triển mạnh mẽ v&agrave; điều quan trọng nhất l&agrave; h&ograve;a b&igrave;nh. Ch&uacute;c mừng năm mới mọi người&rdquo;, một người d&acirc;n ở Moscow n&oacute;i.</p>\r\n\r\n<p>Trầm lắng hơn một ch&uacute;t so với mọi năm nhưng kh&ocirc;ng v&igrave; thế kh&ocirc;ng kh&iacute; năm mới tại c&aacute;c nước Trung Đ&ocirc;ng k&eacute;m rộn r&agrave;ng Từ Dubai hoa lệ đến th&agrave;nh phố Mosul bất ổn của Iraq, những người d&acirc;n Trung Đ&ocirc;ng vẫn đ&oacute;n năm mới với ph&aacute;o hoa rực r&otilde; v&agrave; &acirc;m nhạc rộn r&agrave;ng. Ngo&agrave;i những điểm tổ chức đ&oacute;n năm mới lớn hạn chế người tham dự được truyền trực tuyến tới người d&acirc;n, tiếng nhạc đ&oacute;n ch&agrave;o năm mới vẫn rộn r&agrave;ng tr&ecirc;n phố, chen v&agrave;o từng ng&ocirc;i nh&agrave;, cộng hưởng th&agrave;nh một bữa tiệc &acirc;m nhạc s&ocirc;i động. Kh&ocirc;ng kh&iacute; năm mới cũng tr&agrave;n đến th&agrave;nh phố Mosul của Iraq - nơi chứng kiến xung đột v&agrave; bất ổn nhiều năm qua. Đối với người d&acirc;n th&agrave;nh phố, 2021 l&agrave; năm mới của hi vọng v&agrave; h&ograve;a b&igrave;nh cho người d&acirc;n th&agrave;nh phố vốn đ&atilde; chịu nhiều mất m&aacute;t.</p>\r\n\r\n<p>&ldquo;Mosul đ&atilde; kh&ocirc;ng c&ograve;n chiến tranh nhưng lại phải đối mặt với một năm dịch bệnh. Kinh tế kh&oacute; khăn v&agrave; đại dịch vẫn tiếp diễn. Tuy nhi&ecirc;n ch&uacute;ng ta vẫn phải sống v&agrave; lạc quan. V&igrave; vậy ch&uacute;ng t&ocirc;i vẫn tổ chức đ&oacute;n tiệc năm mới nhưng tu&acirc;n thủ c&aacute;c điều kiện nghi&ecirc;m ngặt&rdquo;, người d&acirc;n Mosul b&agrave;y tỏ.</p>\r\n\r\n<p>Kh&eacute;p lại một năm 2020 đầy biến động, c&oacute; lẽ ngo&agrave;i những điều mong ước cho bản th&acirc;n v&agrave; gia đ&igrave;nh, chưa bao giờ người d&acirc;n thế giới lại c&oacute; chung một mong ước giản dị như hiện nay. Từ ch&acirc;u &Acirc;u, ch&acirc;u &Aacute; hay đến ch&acirc;u Phi đầy nắng gi&oacute;, người d&acirc;n đều c&oacute; chung một điều ước đ&oacute; l&agrave; &ldquo;mong đại dịch Covid-19 qua nhanh để được đi lại v&agrave; trở về cuộc sống b&igrave;nh thường như trước:</p>\r\n\r\n<p>Kh&ocirc;ng kh&iacute; đ&oacute;n năm mới 2021&nbsp;c&oacute; trầm lắng hơn mọi năm do đại dịch, nhưng người d&acirc;n thế giới vẫn tận hưởng thời khắc quan trọng bằng những c&aacute;ch đặc biệt, với tinh thần lạc quan, hy vọng thế giới sẽ c&oacute; một Năm mới 2021 nhiều may mắn hơn./.</p>\r\n', '2021-01-01 13:59:00', '2021-01-16 13:59:00', 'Việt Nam', 'test', '2021-01-13 15:04:43', NULL, '0a73352b74.jpg', 1, 0),
(24, 'Người dân thế giới mong đợi gì cho Năm mới 2021', '<p><span style=\"font-size:16px\"><strong>VOV.VN - Kh&eacute;p lại một năm 2020 đầy biến động, c&oacute; lẽ ngo&agrave;i những điều mong ước cho bản th&acirc;n v&agrave; gia đ&igrave;nh, chưa bao giờ người d&acirc;n thế giới lại c&oacute; chung một mong ước giản dị như hiện nay.</strong></span></p>\r\n', '<p>Kh&ocirc;ng c&oacute; những m&agrave;n đếm ngược đ&ocirc;ng nghẹt người hay c&aacute;c bữa tiệc tưng bừng tr&ecirc;n đường phố, nhưng người d&acirc;n thế giới vẫn đ&oacute;n ch&agrave;o 2021 với nhưng những m&agrave;n ph&aacute;o hoa rực s&aacute;ng tr&ecirc;n bầu trời đ&ecirc;m mang theo nhiều hi vọng v&agrave; ước nguyện về một năm mới&nbsp;y&ecirc;n b&igrave;nh v&agrave; tươi s&aacute;ng hơn.</p>\r\n', '<p>Kh&ocirc;ng v&igrave; Covid-19 m&agrave; những tiếng chu&ocirc;ng đồng hồ Big Ben của Anh ng&acirc;n b&eacute; hơn hay những người tham dự tại đ&oacute;, d&ugrave; với số lượng rất hạn chế, cũng cảm thấy bớt h&agrave;o hứng hơn khi thời khắc năm mới đến.</p>\r\n\r\n<p>Đối với người d&acirc;n Anh sau nhiều năm Brexit trắc trở, năm 2021 l&agrave; thời điểm ch&iacute;nh thức nước Anh ra khỏi ng&ocirc;i nh&agrave; chung ch&acirc;u &Acirc;u, với nhiều những hi vọng về thịnh vượng v&agrave; ph&aacute;t triển sẽ đến với người d&acirc;n xứ sở sương m&ugrave;.</p>\r\n\r\n<p>&ldquo;Thật tuyệt vời khi Brexit cũng ho&agrave;n th&agrave;nh. Hi vọng nước Anh sẽ c&oacute; sự khởi đầu tốt hơn. Đ&acirc;y sẽ l&agrave; điều tuyệt vời&rdquo;, một người d&acirc;n Anh cho biết.</p>\r\n\r\n<p>&ldquo;T&ocirc;i kh&aacute; lo lắng v&igrave; năm nay l&agrave; năm quan trọng khi t&ocirc;i tốt nghiệp đại học trong bối cảnh đất nước c&oacute; nhiều thay đổi. Hi vọng mọi thứ sẽ tốt đẹp&rdquo;, một người kh&aacute;c b&agrave;y tỏ.</p>\r\n\r\n<p>Năm mới đến với người d&acirc;n Nga bằng m&agrave;n ph&aacute;o hoa rực rỡ tr&ecirc;n Quảng trường đỏ v&agrave; Điện Kremlin mặc d&ugrave; họ chỉ được tận hưởng kh&ocirc;ng kh&iacute; qua m&agrave;n h&igrave;nh. Quảng trường bị phong tỏa, c&aacute;c nh&agrave; h&agrave;ng v&agrave; qu&aacute;n bar đ&oacute;ng cửa để giảm nguy cơ l&acirc;y nhiễm dịch bệnh cũng l&agrave; điều th&uacute; vị, khi c&aacute;c gia đ&igrave;nh c&oacute; cơ hội qu&acirc;y quần trong khoảnh khắc quan trọng nhất. Một nước Nga thịnh vượng v&agrave; ph&aacute;t triển l&agrave; điều nhiều người d&acirc;n nước n&agrave;y mong muốn trong năm 2021.</p>\r\n\r\n<p>&ldquo;Năm mới mang đến hi vọng về sự th&agrave;nh c&ocirc;ng v&agrave; mới mẻ. Nước Nga sẽ ph&aacute;t triển mạnh mẽ v&agrave; điều quan trọng nhất l&agrave; h&ograve;a b&igrave;nh. Ch&uacute;c mừng năm mới mọi người&rdquo;, một người d&acirc;n ở Moscow n&oacute;i.</p>\r\n\r\n<p>Trầm lắng hơn một ch&uacute;t so với mọi năm nhưng kh&ocirc;ng v&igrave; thế kh&ocirc;ng kh&iacute; năm mới tại c&aacute;c nước Trung Đ&ocirc;ng k&eacute;m rộn r&agrave;ng Từ Dubai hoa lệ đến th&agrave;nh phố Mosul bất ổn của Iraq, những người d&acirc;n Trung Đ&ocirc;ng vẫn đ&oacute;n năm mới với ph&aacute;o hoa rực r&otilde; v&agrave; &acirc;m nhạc rộn r&agrave;ng. Ngo&agrave;i những điểm tổ chức đ&oacute;n năm mới lớn hạn chế người tham dự được truyền trực tuyến tới người d&acirc;n, tiếng nhạc đ&oacute;n ch&agrave;o năm mới vẫn rộn r&agrave;ng tr&ecirc;n phố, chen v&agrave;o từng ng&ocirc;i nh&agrave;, cộng hưởng th&agrave;nh một bữa tiệc &acirc;m nhạc s&ocirc;i động. Kh&ocirc;ng kh&iacute; năm mới cũng tr&agrave;n đến th&agrave;nh phố Mosul của Iraq - nơi chứng kiến xung đột v&agrave; bất ổn nhiều năm qua. Đối với người d&acirc;n th&agrave;nh phố, 2021 l&agrave; năm mới của hi vọng v&agrave; h&ograve;a b&igrave;nh cho người d&acirc;n th&agrave;nh phố vốn đ&atilde; chịu nhiều mất m&aacute;t.</p>\r\n\r\n<p>&ldquo;Mosul đ&atilde; kh&ocirc;ng c&ograve;n chiến tranh nhưng lại phải đối mặt với một năm dịch bệnh. Kinh tế kh&oacute; khăn v&agrave; đại dịch vẫn tiếp diễn. Tuy nhi&ecirc;n ch&uacute;ng ta vẫn phải sống v&agrave; lạc quan. V&igrave; vậy ch&uacute;ng t&ocirc;i vẫn tổ chức đ&oacute;n tiệc năm mới nhưng tu&acirc;n thủ c&aacute;c điều kiện nghi&ecirc;m ngặt&rdquo;, người d&acirc;n Mosul b&agrave;y tỏ.</p>\r\n\r\n<p>Kh&eacute;p lại một năm 2020 đầy biến động, c&oacute; lẽ ngo&agrave;i những điều mong ước cho bản th&acirc;n v&agrave; gia đ&igrave;nh, chưa bao giờ người d&acirc;n thế giới lại c&oacute; chung một mong ước giản dị như hiện nay. Từ ch&acirc;u &Acirc;u, ch&acirc;u &Aacute; hay đến ch&acirc;u Phi đầy nắng gi&oacute;, người d&acirc;n đều c&oacute; chung một điều ước đ&oacute; l&agrave; &ldquo;mong đại dịch Covid-19 qua nhanh để được đi lại v&agrave; trở về cuộc sống b&igrave;nh thường như trước:</p>\r\n\r\n<p>Kh&ocirc;ng kh&iacute; đ&oacute;n năm mới 2021&nbsp;c&oacute; trầm lắng hơn mọi năm do đại dịch, nhưng người d&acirc;n thế giới vẫn tận hưởng thời khắc quan trọng bằng những c&aacute;ch đặc biệt, với tinh thần lạc quan, hy vọng thế giới sẽ c&oacute; một Năm mới 2021 nhiều may mắn hơn./.</p>\r\n', '2021-01-01 13:59:00', '2021-01-16 13:59:00', 'Việt Nam', 'test', '2021-01-06 12:04:00', NULL, '53ad00415a.png', 1, 0),
(31, 'Thu-Tai-Thiet-Ke-Thoi-Trang-Cua-Sinh-Vien', '<p>asda</p>\r\n', '', '<p>asdasd</p>\r\n', '2021-01-15 17:48:00', '2021-01-08 17:48:00', 'TP.HCM', 'SV năm 4', '2021-01-15 10:48:32', NULL, 'e6b1b1be2f.jpg', 2, 4),
(33, 'Đội bóng chuyền nam HUTECH gây ấn tượng mạnh tại bảng A', '<p><em>H&ocirc;m qua (11/12), Giải B&oacute;ng chuyền sinh vi&ecirc;n HUTECH mở rộng lần 1 năm 2018 của Trường Đại học C&ocirc;ng nghệ TP.HCM (HUTECH) - tiếp tục ng&agrave;y thi đấu thứ ba với 3 trận đấu ở nội dung nam, kh&eacute;p lại lượt trận thứ hai với vị tr&iacute; đứng thứ 2 bảng A l&agrave; HUTECH.</em></p>\r\n', '<p>Ng&agrave;y thi đấu thứ ba của Giải B&oacute;ng chuyền sinh vi&ecirc;n HUTECH mở rộng lần 1 năm 2018 tiếp tục diễn ra c&aacute;c trận tranh t&agrave;i giữa c&aacute;c đội b&oacute;ng ở nội dung nam. Trong đ&oacute;, bảng A với 2 trận đấu giữa HUTECH &ndash; ĐH B&aacute;ch khoa (ĐHQG TP. HCM) v&agrave; ĐH Văn Lang &ndash; ĐH N&ocirc;ng l&acirc;m đ&atilde; kh&eacute;p lại lượt trận thứ hai với chiến thắng 2 &ndash; 0 kh&aacute; dễ d&agrave;ng của ĐH N&ocirc;ng L&acirc;m trước c&aacute;c ch&agrave;ng trai của ĐH Văn Lang với tỉ số từng v&aacute;n&nbsp;đấu lần lượt l&agrave; 25</p>\r\n', '<p dir=\"ltr\">&ndash; 18 v&agrave; 25 &ndash; 10. Trong khi đ&oacute;, trận đấu giữa ĐH B&aacute;ch khoa v&agrave; HUTECH lại kịch t&iacute;nh ngay từ những ph&uacute;t đầu ti&ecirc;n với m&agrave;n rượt đuổi, so k&egrave; từng điểm số trong suốt 3 v&aacute;n&nbsp;đấu. HUTECH tuy c&oacute; lợi thế về chiều cao với c&aacute;c chủ c&ocirc;ng đập b&oacute;ng từ vị tr&iacute; số 4 đầy uy lực nhưng ĐH B&aacute;ch khoa lại sở hữu những cầu thủ với sức bật tốt v&agrave; những pha xử l&yacute; b&oacute;ng th&ocirc;ng minh k&egrave;m theo sự may mắn n&ecirc;n đ&atilde; chiến thắng 2 &ndash; 1 trước đội chủ nh&agrave; HUTECH.<br />\r\n&nbsp;</p>\r\n\r\n<p dir=\"ltr\"><img alt=\"\" src=\"https://www.hutech.edu.vn/imgnews/homepage/stories/hinh212-sea/IMG_8003.JPG\" style=\"height:0px\" /><br />\r\n<br />\r\n<img alt=\"\" src=\"https://www.hutech.edu.vn/imgnews/homepage/stories/hinh212-sea/IMG_8006.JPG\" style=\"height:0px\" /><br />\r\n<br />\r\n<img alt=\"\" src=\"https://www.hutech.edu.vn/imgnews/homepage/stories/hinh212-sea/IMG_8008.JPG\" style=\"height:0px\" /><br />\r\n<em>C&aacute;c pha b&oacute;ng đẹp mắt từ c&aacute;c đội b&oacute;ng trong kh&ocirc;ng kh&iacute; cạnh tranh quyết liệt</em></p>\r\n\r\n<p dir=\"ltr\"><br />\r\nKết th&uacute;c lượt trận thứ hai của bảng A, B&aacute;ch Khoa tạm dẫn đầu bảng với 5&nbsp;điểm, ĐH HUTECH đứng thứ 2 với 4&nbsp;điểm, ĐH N&ocirc;ng L&acirc;m c&ugrave;ng xếp thứ ba với 3&nbsp;điểm, cuối c&ugrave;ng l&agrave; ĐH Văn Lang.&nbsp;<br />\r\n&nbsp;</p>\r\n\r\n<p dir=\"ltr\"><img alt=\"\" src=\"https://www.hutech.edu.vn/imgnews/homepage/stories/hinh212-sea/IMG_8120.JPG\" style=\"height:0px\" /><br />\r\n<br />\r\n<img alt=\"\" src=\"https://www.hutech.edu.vn/imgnews/homepage/stories/hinh212-sea/IMG_8095.JPG\" style=\"height:0px\" /><br />\r\n<br />\r\n<img alt=\"\" src=\"https://www.hutech.edu.vn/imgnews/homepage/stories/hinh212-sea/IMG_8063.JPG\" style=\"height:0px\" /><br />\r\n<em>C&aacute;c ch&agrave;ng trai HUTECH tạm đứng vị tr&iacute; thứ 2&nbsp;bảng A sau lượt đấu ng&agrave;y 11/12 vừa qua</em>&nbsp;</p>\r\n\r\n<p dir=\"ltr\"><br />\r\nNgo&agrave;i ra, trong ng&agrave;y thi đấu thứ ba cũng diễn ra trận đấu ở bảng B với chiến thắng 2 &ndash; 0 tương đối dễ d&agrave;ng d&agrave;nh cho c&aacute;c cầu thủ Trường ĐH Khoa học tự nhi&ecirc;n (ĐHQG TP. HCM) trước ĐH C&ocirc;ng nghệ S&agrave;i G&ograve;n.&nbsp;</p>\r\n', '2021-01-29 10:27:00', '2021-02-01 10:27:00', 'TP.HCM', 'SV năm 4', '2021-01-28 03:28:42', NULL, 'a85ece3b38.jpg', 2, 2),
(34, 'Đội bóng chuyền nam HUTECH gây ấn tượng mạnh tại bảng A', '<p>Mặc d&ugrave; c&ograve;n 2 ng&agrave;y nữa (17/07/2014) Lễ ra qu&acirc;n chiến dịch M&ugrave;a h&egrave; xanh HUTECH 2014 mới ch&iacute;nh thức diễn ra nhưng c&aacute;c chiến sỹ tại 02 mặt trận: Quận B&igrave;nh Thạnh v&agrave; huyện H&oacute;c M&ocirc;n (TP.HCM) đ&atilde; sớm bắt tay thực hiện nhiệm vụ của m&igrave;nh.</p>\r\n', '<p>Cụ thể s&aacute;ng ng&agrave;y 12/7/2014 đ&ocirc;ng đảo chiến sỹ M&ugrave;a h&egrave; xanh của HUTECH tại địa b&agrave;n Quận B&igrave;nh Thạnh đ&atilde; phối hợp c&ugrave;ng Quận Đo&agrave;n B&igrave;nh Thạnh tiến h&agrave;nh hoạt động dọn dẹp vệ sinh, ph&aacute;t quang v&agrave; nạo v&eacute;t k&ecirc;nh tại khu d&acirc;n cư thuộc Phường 25 &ndash; Quận B&igrave;nh Thạnh, Tp.HCM. Với chủ đề &ldquo;V&igrave; khu phố sạch đẹp văn minh nghĩa t&igrave;nh&rdquo;, từ ch&iacute;nh đ&ocirc;i b&agrave;n tay của những người tr&iacute; thức trẻ, c&aacute;c chiến sỹ đ&atilde; kh&ocirc;ng quản ngại kh&oacute; khăn để c&ugrave;ng chung sức v&agrave; mang đến một kh&ocirc;ng gian sống xanh, sạch, đẹp hơn cho b&agrave; con nơi đ&acirc;y.</p>\r\n', '<p>Đặc biệt, ngay sau Lễ ra qu&acirc;n cấp th&agrave;nh tổ chức v&agrave;o s&aacute;ng ng&agrave;y 13/7, h&agrave;ng trăm Sinh vi&ecirc;n HUTECH đ&atilde; c&ugrave;ng sinh vi&ecirc;n c&aacute;c trường Đại học, Cao đẳng tr&ecirc;n địa b&agrave;n Th&agrave;nh phố triển khai khơi th&ocirc;ng d&ograve;ng chảy c&aacute;c đoạn k&ecirc;nh khu vực B&igrave;nh Thạnh v&agrave; rạch B&agrave; cả Bốn &ndash; Quận 12.</p>\r\n\r\n<p>&nbsp;</p>\r\n\r\n<p><img src=\"https://www.hutech.edu.vn/imgnews/homepage/stories/hinh73-ase/smart_thumbs/10511150_459888310821165_455522546090517378_n_thumb_medium620_0.jpg\" style=\"height:0px\" /><br />\r\n<em>Chiến sỹ MHX HUTECH c&ugrave;ng chung tay với sinh vi&ecirc;n c&aacute;c trường khơi th&ocirc;ng d&ograve;ng chảy c&aacute;c đoạn k&ecirc;nh khu vực B&igrave;nh Thạnh v&agrave; rạch B&agrave; cả Bốn &ndash; Quận 12</em></p>\r\n\r\n<p><br />\r\nCũng nằm trong chuỗi hoạt động M&ugrave;a h&egrave; xanh, s&aacute;ng 14/7/2014, c&aacute;c chiến sỹ thuộc mặt trận huyện Ho&oacute;c M&ocirc;n, Tp.HCM cũng đ&atilde; tiến h&agrave;nh Lễ d&acirc;ng hương tại khu tưởng niệm Ng&atilde; Ba Giồng. C&aacute;c chiến sỹ t&igrave;nh nguyện cũng đ&atilde; di chuyển về địa b&agrave;n đ&oacute;ng qu&acirc;n v&agrave; từng bước ổn định nơi ăn, chốn ở v&agrave; c&ocirc;ng t&aacute;c.</p>\r\n\r\n<p>&nbsp;</p>\r\n\r\n<p><img src=\"https://www.hutech.edu.vn/imgnews/homepage/stories/hinh73-ase/smart_thumbs/10527809_459881457488517_9109165115652865819_n_thumb_medium620_0.jpg\" style=\"height:0px\" /></p>\r\n\r\n<p><img src=\"https://www.hutech.edu.vn/imgnews/homepage/stories/hinh73-ase/smart_thumbs/1926631_459881964155133_3928494432915127358_n_thumb_medium620_0.jpg\" style=\"height:0px\" /></p>\r\n\r\n<p><img src=\"https://www.hutech.edu.vn/imgnews/homepage/stories/hinh73-ase/smart_thumbs/10276980_459881704155159_3155323530112021670_n_thumb_medium620_0.jpg\" style=\"height:0px\" /><br />\r\n<em>S&aacute;ng 14/7/2014, c&aacute;c chiến sỹ thuộc mặt trận huyện Ho&oacute;c M&ocirc;n, Tp.HCM cũng đ&atilde; tiến h&agrave;nh Lễ d&acirc;ng hương tại khu tưởng niệm Ng&atilde; Ba Giồng</em></p>\r\n\r\n<p><br />\r\nLễ ra qu&acirc;n chiến dịch M&ugrave;a h&egrave; xanh HUTECH 2014 sẽ&nbsp; diễn ra v&agrave;o l&uacute;c&nbsp;<strong>08g30 ng&agrave;y 17/7/2014</strong>&nbsp;tại sảnh ch&iacute;nh Trụ sở 475A Điện Bi&ecirc;n Phủ của Trường. Ch&uacute;c c&aacute;c chiến sỹ lu&ocirc;n giữ vững tinh thần &ldquo;đi để cống hiến &ndash; đi để trưởng th&agrave;nh&rdquo; v&agrave; quan trọng hơn hết l&agrave; c&oacute; sức khỏe v&agrave; tinh thần tốt nhất để chiến dịch M&ugrave;a h&egrave; xanh HUTECH 2014&nbsp; trở th&agrave;nh cột mốc đ&aacute;ng nhớ của bản th&acirc;n sinh vi&ecirc;n, của cộng đồng x&atilde; hội.</p>\r\n\r\n<table border=\"0\">\r\n	<tbody>\r\n		<tr>\r\n			<td><br />\r\n			Ban chỉ huy chiến dịch M&ugrave;a h&egrave; xanh 2014 tr&acirc;n trọng cảm ơn sự đồng h&agrave;nh của C&ocirc;ng ty Holcim Việt Nam, CLB Senri Rotary, Cty Văn Tấn Ho&agrave;ng trong t&agrave;i trợ vật tư, kinh ph&iacute; để triển khai c&aacute;c c&ocirc;ng tr&igrave;nh, phần việc. Ngo&agrave;i ra, cũng xin cảm ơn c&aacute;c thầy c&ocirc; trong to&agrave;n trường đ&atilde; c&oacute; những đ&oacute;ng g&oacute;p, động vi&ecirc;n cho c&aacute;c chiến sỹ trước thềm lễ Ra qu&acirc;n chiến dịch.</td>\r\n		</tr>\r\n	</tbody>\r\n</table>\r\n', '2021-01-29 10:34:00', '2021-02-01 10:34:00', 'TP.HCM', 'SV năm 4', '2021-01-28 03:34:28', NULL, '68f457f8e4.jpg', 1, 0);

-- --------------------------------------------------------

--
-- Cấu trúc bảng cho bảng `tbl_event_detail`
--

CREATE TABLE `tbl_event_detail` (
  `event_detail_id` int(11) NOT NULL,
  `clb_id` int(11) NOT NULL,
  `quantity` int(11) NOT NULL,
  `event_id` int(11) NOT NULL,
  `description` text NOT NULL,
  `content` text NOT NULL,
  `img` varchar(255) NOT NULL,
  `status` int(11) NOT NULL
) ENGINE=InnoDB DEFAULT CHARSET=utf8mb4;

--
-- Đang đổ dữ liệu cho bảng `tbl_event_detail`
--

INSERT INTO `tbl_event_detail` (`event_detail_id`, `clb_id`, `quantity`, `event_id`, `description`, `content`, `img`, `status`) VALUES
(18, 3, 6, 21, 'nhảy ', '<p>abc</p>\r\n', '2a3e3fd209.jpg', 0),
(19, 2, 13, 34, 'nhom nhay', '<p>asdasd</p>\r\n', 'fa5f6e6d95.jpg', 1);

-- --------------------------------------------------------

--
-- Cấu trúc bảng cho bảng `tbl_event_member`
--

CREATE TABLE `tbl_event_member` (
  `id` int(11) NOT NULL,
  `student_id` int(11) NOT NULL,
  `event_id` int(11) NOT NULL
) ENGINE=InnoDB DEFAULT CHARSET=utf8mb4;

--
-- Đang đổ dữ liệu cho bảng `tbl_event_member`
--

INSERT INTO `tbl_event_member` (`id`, `student_id`, `event_id`) VALUES
(24, 81, 21),
(25, 82, 21),
(26, 83, 21),
(27, 84, 21),
(28, 85, 21),
(29, 86, 21),
(30, 81, 21),
(31, 87, 21),
(32, 89, 21),
(33, 90, 21),
(34, 91, 21),
(35, 93, 21),
(36, 81, 34),
(37, 86, 34),
(38, 87, 34),
(39, 88, 34),
(40, 89, 34),
(41, 90, 34),
(42, 91, 34),
(43, 92, 34),
(44, 93, 34),
(45, 94, 34),
(46, 95, 34),
(47, 96, 34),
(48, 97, 34);

-- --------------------------------------------------------

--
-- Cấu trúc bảng cho bảng `tbl_event_member_clb`
--

CREATE TABLE `tbl_event_member_clb` (
  `id` int(11) NOT NULL,
  `student_id` int(11) NOT NULL,
  `reason` text NOT NULL,
  `status` int(11) NOT NULL,
  `event_id` int(11) NOT NULL
) ENGINE=InnoDB DEFAULT CHARSET=utf8mb4;

--
-- Đang đổ dữ liệu cho bảng `tbl_event_member_clb`
--

INSERT INTO `tbl_event_member_clb` (`id`, `student_id`, `reason`, `status`, `event_id`) VALUES
(4, 81, 'asd', 0, 21),
(5, 585, 'thich', 1, 31),
(7, 587, 'Muốn được tham gia cuộc thi để thử sức', 1, 25),
(8, 588, '1', 0, 34);

-- --------------------------------------------------------

--
-- Cấu trúc bảng cho bảng `tbl_memberscore`
--

CREATE TABLE `tbl_memberscore` (
  `id_score` int(11) NOT NULL,
  `totalScore` double NOT NULL,
  `create_at` timestamp NOT NULL DEFAULT current_timestamp() ON UPDATE current_timestamp(),
  `update_at` timestamp NULL DEFAULT NULL,
  `feedback` text DEFAULT NULL,
  `clb_id` int(11) NOT NULL,
  `id_student` int(11) NOT NULL,
  `status` int(11) NOT NULL DEFAULT 1
) ENGINE=InnoDB DEFAULT CHARSET=utf8;

--
-- Đang đổ dữ liệu cho bảng `tbl_memberscore`
--

INSERT INTO `tbl_memberscore` (`id_score`, `totalScore`, `create_at`, `update_at`, `feedback`, `clb_id`, `id_student`, `status`) VALUES
(9, 1, '2021-01-10 09:52:05', NULL, NULL, 2, 81, 1),
(10, 2, '2021-01-10 09:52:14', NULL, NULL, 2, 83, 1),
(11, 15, '2021-01-12 07:24:00', '2021-01-12 01:24:44', 'chưa cộng điểm tham gia nhổ cỏ ', 2, 81, 1),
(12, 15, '2021-01-13 07:12:32', NULL, 'test score', 2, 581, 1),
(13, 10, '2021-01-12 15:56:48', NULL, 'cần thêm 5 điểm', 2, 81, 1),
(14, 5, '2021-01-13 07:09:03', NULL, NULL, 2, 81, 1),
(15, 20, '2021-01-13 12:07:44', NULL, NULL, 2, 586, 0),
(16, 20, '2021-01-13 12:11:00', '2021-01-13 06:11:51', 'them 20 diem', 2, 81, 1),
(17, 20, '2021-01-13 12:12:41', NULL, NULL, 2, 586, 1);

-- --------------------------------------------------------

--
-- Cấu trúc bảng cho bảng `tbl_news`
--

CREATE TABLE `tbl_news` (
  `news_id` int(11) NOT NULL,
  `nameNews` text NOT NULL,
  `short_content` text NOT NULL,
  `newCreate_at` timestamp NOT NULL DEFAULT current_timestamp() ON UPDATE current_timestamp(),
  `img` varchar(255) NOT NULL,
  `newsContens` text NOT NULL,
  `tieude` text NOT NULL,
  `updated_at` timestamp NULL DEFAULT NULL
) ENGINE=InnoDB DEFAULT CHARSET=utf8mb4;

--
-- Đang đổ dữ liệu cho bảng `tbl_news`
--

INSERT INTO `tbl_news` (`news_id`, `nameNews`, `short_content`, `newCreate_at`, `img`, `newsContens`, `tieude`, `updated_at`) VALUES
(1, 'Second divided from', '<p>Second divided from form fish beast made every of seas all gathered us saying he our</p>\r\n', '2021-01-06 11:07:49', '7b0c86c704.jpg', 'MCSE boot camps have its supporters and its detractors. Some people do not understand why you should have to spend money on boot camp when you can get the MCSE study materials yourself at a fraction of the camp price. However, who has the willpower\r\n\r\nMCS', 'Second divided from', NULL),
(8, 'Lần đầu ĐH HUTECH cấp học bổng thạc sĩ', '<p>Bên cạnh 400 suất học bổng Nguyễn Văn Đạo, ĐH HUTECH lần đầu tiên chọn ra 30 học sinh xuất sắc nhất để cấp học bổng toàn phần đào tạo từ cử nhân lên thẳng tiến sĩ, với tổng giá trị quỹ lên tới 5 triệu USD.</p>', '2021-01-06 12:37:12', '7b0c86c704.jpg', '<p>Kh&ocirc;ng v&igrave; Covid-19 m&agrave; những tiếng chu&ocirc;ng đồng hồ Big Ben của Anh ng&acirc;n b&eacute; hơn hay những người tham dự tại đ&oacute;, d&ugrave; với số lượng rất hạn chế, cũng cảm thấy bớt h&agrave;o hứng hơn khi thời khắc năm mới đế', 'Lần đầu ĐH HUTECH cấp học bổng thạc sĩ', NULL),
(9, 'Học sinh Hà Nội được nghỉ 11 ngày tết', '<p>UBND th&agrave;nh phố H&agrave; Nội vừa đồng &yacute; với đề xuất của Sở Gi&aacute;o dục v&agrave; Đ&agrave;o tạo về việc cho học sinh nghỉ tết Tết Nguy&ecirc;n đ&aacute;n T&acirc;n M&atilde;o 11 ng&agrave;y.</p>\r\n', '2021-01-06 12:40:14', '7b0c86c704.jpg', '<p>Kh&ocirc;ng v&igrave; Covid-19 m&agrave; những tiếng chu&ocirc;ng đồng hồ Big Ben của Anh ng&acirc;n b&eacute; hơn hay những người tham dự tại đ&oacute;, d&ugrave; với số lượng rất hạn chế, cũng cảm thấy bớt h&agrave;o hứng hơn khi thời khắc năm mới đế', '<p><em><strong>Học sinh H&agrave; Nội được nghỉ 11 ng&agrave;y Tết</strong></em></p>\r\n', NULL),
(10, 'Giám đốc tuổi mèo và thành tích đáng nể', '<p>Học hết lớp 9, Nguyễn Hữu Năm phải nghỉ học v&igrave; nh&agrave; ngh&egrave;o lại đ&ocirc;ng con, nhưng ch&agrave;ng trai đất Chương Mỹ (H&agrave; Nội) đ&atilde; xuất sắc gi&agrave;nh nhiều giải thưởng s&aacute;ng tạo trẻ v&agrave; hiện l&agrave; chủ c', '2021-01-06 12:40:16', '0f32acf769.jpg', '<p>Kh&ocirc;ng v&igrave; Covid-19 m&agrave; những tiếng chu&ocirc;ng đồng hồ Big Ben của Anh ng&acirc;n b&eacute; hơn hay những người tham dự tại đ&oacute;, d&ugrave; với số lượng rất hạn chế, cũng cảm thấy bớt h&agrave;o hứng hơn khi thời khắc năm mới đế', '<p><u>Gi&aacute;m đốc tuổi m&egrave;o v&agrave; th&agrave;nh t&iacute;ch đ&aacute;ng nể&nbsp;</u></p>\r\n', NULL),
(11, 'Hỗ trợ gần 3000 vé tết cho sinh viên', '<p>Mỗi khi m&aacute;y bay sắp hạ c&aacute;nh xuống s&acirc;n bay Suvarnabhumi, t&ocirc;i đều c&oacute; cảm gi&aacute;c m&igrave;nh sắp được trở về nh&agrave;, về qu&ecirc; hương th&acirc;n thương thứ hai của m&igrave;nh. Bạn Đặng Quốc Ch&iacute; chia sẻ.K', '2021-01-06 12:40:18', 'eec0cbc979.jpg', '<p>Kh&ocirc;ng v&igrave; Covid-19 m&agrave; những tiếng chu&ocirc;ng đồng hồ Big Ben của Anh ng&acirc;n b&eacute; hơn hay những người tham dự tại đ&oacute;, d&ugrave; với số lượng rất hạn chế, cũng cảm thấy bớt h&agrave;o hứng hơn khi thời khắc năm mới đế', '<p>Hỗ trợ gần 3.000 v&eacute; xe tết cho sinh vi&ecirc;n</p>\r\n', NULL),
(12, 'Những tân sinh viên mồi côi, hiếu học', '<p>Mẹ mất năm 2007, 2 năm sau bố cũng ra đi, khiến 6 anh chị em của Nguyễn Huy Chiến (H&agrave; Tĩnh) sau giờ học lại phải đi l&agrave;m để kiếm sống. Nhờ nỗ lực vươn l&ecirc;n, Chiến vừa trở th&agrave;nh t&acirc;n sinh vi&ecirc;n của ĐH Điện lực H&agrave;</p>\r\n', '2021-01-06 12:40:19', 'eec0cbc979.jpg', '<p>Kh&ocirc;ng v&igrave; Covid-19 m&agrave; những tiếng chu&ocirc;ng đồng hồ Big Ben của Anh ng&acirc;n b&eacute; hơn hay những người tham dự tại đ&oacute;, d&ugrave; với số lượng rất hạn chế, cũng cảm thấy bớt h&agrave;o hứng hơn khi thời khắc năm mới đế', '<p><em><strong>Những t&acirc;n sinh vi&ecirc;n mồ c&ocirc;i, hiếu học</strong></em></p>\r\n', NULL),
(20, 'Những tân sinh viên mồi côi, hiếu học', '<p>Mẹ mất năm 2007, 2 năm sau bố cũng ra đi, khiến 6 anh chị em của Nguyễn Huy Chiến (H&agrave; Tĩnh) sau giờ học lại phải đi l&agrave;m để kiếm sống. Nhờ nỗ lực vươn l&ecirc;n, Chiến vừa trở th&agrave;nh t&acirc;n sinh vi&ecirc;n của ĐH Điện lực H&agrave;</p>\r\n', '2021-01-06 12:40:21', '027ee5bf61.jpg', '<p>Kh&ocirc;ng v&igrave; Covid-19 m&agrave; những tiếng chu&ocirc;ng đồng hồ Big Ben của Anh ng&acirc;n b&eacute; hơn hay những người tham dự tại đ&oacute;, d&ugrave; với số lượng rất hạn chế, cũng cảm thấy bớt h&agrave;o hứng hơn khi thời khắc năm mới đế', '<p>Những t&acirc;n sinh vi&ecirc;n mồi c&ocirc;i, hiếu học</p>\r\n', NULL);

-- --------------------------------------------------------

--
-- Cấu trúc bảng cho bảng `tbl_sinh_hoat_clb`
--

CREATE TABLE `tbl_sinh_hoat_clb` (
  `sinhhoat_id` int(11) NOT NULL,
  `ten_buoi_sh` varchar(255) DEFAULT NULL,
  `noi_dung_sh` text DEFAULT NULL,
  `thoi_gian` timestamp NULL DEFAULT NULL,
  `sl_tham_gia` int(11) DEFAULT NULL,
  `tong_sl_thanh_vien_hien_tai` int(11) DEFAULT NULL,
  `status` int(11) DEFAULT NULL COMMENT '1 là chưa sinh hoạt, 0 là đã sinh hoạt, -1 là đã xóa',
  `clb_id` int(11) DEFAULT NULL
) ENGINE=InnoDB DEFAULT CHARSET=utf32;

--
-- Đang đổ dữ liệu cho bảng `tbl_sinh_hoat_clb`
--

INSERT INTO `tbl_sinh_hoat_clb` (`sinhhoat_id`, `ten_buoi_sh`, `noi_dung_sh`, `thoi_gian`, `sl_tham_gia`, `tong_sl_thanh_vien_hien_tai`, `status`, `clb_id`) VALUES
(1, 'Chào mừng thành viên mới', '', '2021-01-10 09:19:00', 3, 3, -1, 2),
(2, 'Off hằng tuần', '<p>C&aacute;c bạn nhớ tham gia đầy đủ, c&oacute; ph&aacute;t người y&ecirc;u</p>\r\n', '2021-01-10 09:36:00', NULL, 3, -1, 1),
(3, 'Off hằng tuần', '<p>Nhớ đi họp</p>\r\n', '2021-01-22 15:06:00', NULL, 3, 1, 1),
(4, 'Off ngày 1/10/2021', '<p>Off ng&agrave;y 1/10/2021</p>\r\n', '2021-01-01 11:00:00', 4, 5, -1, 2),
(5, 'Off ngày 1/10/2021', '<p>Off ng&agrave;y 1/10/2021</p>\r\n', '2021-01-01 11:00:00', 6, 5, 0, 2),
(6, 'Giao lưu cuối tháng', '<p>asd</p>\r\n', '2021-01-16 13:27:00', 9, 493, 0, 2),
(7, 'Giao lưu cuối năm', '<p>asdasf</p>\r\n', '2021-01-30 03:00:00', 13, 494, 0, 2);

--
-- Chỉ mục cho các bảng đã đổ
--

--
-- Chỉ mục cho bảng `student`
--
ALTER TABLE `student`
  ADD PRIMARY KEY (`studentID`);

--
-- Chỉ mục cho bảng `tblquy_chi`
--
ALTER TABLE `tblquy_chi`
  ADD PRIMARY KEY (`khoanChi_id`);

--
-- Chỉ mục cho bảng `tblquy_thu`
--
ALTER TABLE `tblquy_thu`
  ADD PRIMARY KEY (`khoanThu_id`);

--
-- Chỉ mục cho bảng `tblquy_tong`
--
ALTER TABLE `tblquy_tong`
  ADD PRIMARY KEY (`id_tongQuy`);

--
-- Chỉ mục cho bảng `tbl_admin`
--
ALTER TABLE `tbl_admin`
  ADD PRIMARY KEY (`adminId`);

--
-- Chỉ mục cho bảng `tbl_category`
--
ALTER TABLE `tbl_category`
  ADD PRIMARY KEY (`catId`);

--
-- Chỉ mục cho bảng `tbl_caulacbo`
--
ALTER TABLE `tbl_caulacbo`
  ADD PRIMARY KEY (`clb_id`);

--
-- Chỉ mục cho bảng `tbl_diemdanh`
--
ALTER TABLE `tbl_diemdanh`
  ADD PRIMARY KEY (`diem_danh_id`);

--
-- Chỉ mục cho bảng `tbl_event`
--
ALTER TABLE `tbl_event`
  ADD PRIMARY KEY (`event_id`);

--
-- Chỉ mục cho bảng `tbl_event_detail`
--
ALTER TABLE `tbl_event_detail`
  ADD PRIMARY KEY (`event_detail_id`);

--
-- Chỉ mục cho bảng `tbl_event_member`
--
ALTER TABLE `tbl_event_member`
  ADD PRIMARY KEY (`id`);

--
-- Chỉ mục cho bảng `tbl_event_member_clb`
--
ALTER TABLE `tbl_event_member_clb`
  ADD PRIMARY KEY (`id`);

--
-- Chỉ mục cho bảng `tbl_memberscore`
--
ALTER TABLE `tbl_memberscore`
  ADD PRIMARY KEY (`id_score`);

--
-- Chỉ mục cho bảng `tbl_news`
--
ALTER TABLE `tbl_news`
  ADD PRIMARY KEY (`news_id`);

--
-- Chỉ mục cho bảng `tbl_sinh_hoat_clb`
--
ALTER TABLE `tbl_sinh_hoat_clb`
  ADD PRIMARY KEY (`sinhhoat_id`);

--
-- AUTO_INCREMENT cho các bảng đã đổ
--

--
-- AUTO_INCREMENT cho bảng `student`
--
ALTER TABLE `student`
  MODIFY `studentID` int(11) NOT NULL AUTO_INCREMENT, AUTO_INCREMENT=589;

--
-- AUTO_INCREMENT cho bảng `tblquy_chi`
--
ALTER TABLE `tblquy_chi`
  MODIFY `khoanChi_id` int(11) NOT NULL AUTO_INCREMENT, AUTO_INCREMENT=10;

--
-- AUTO_INCREMENT cho bảng `tblquy_thu`
--
ALTER TABLE `tblquy_thu`
  MODIFY `khoanThu_id` int(11) NOT NULL AUTO_INCREMENT, AUTO_INCREMENT=15;

--
-- AUTO_INCREMENT cho bảng `tblquy_tong`
--
ALTER TABLE `tblquy_tong`
  MODIFY `id_tongQuy` int(11) NOT NULL AUTO_INCREMENT;

--
-- AUTO_INCREMENT cho bảng `tbl_admin`
--
ALTER TABLE `tbl_admin`
  MODIFY `adminId` int(11) NOT NULL AUTO_INCREMENT, AUTO_INCREMENT=7;

--
-- AUTO_INCREMENT cho bảng `tbl_category`
--
ALTER TABLE `tbl_category`
  MODIFY `catId` int(11) NOT NULL AUTO_INCREMENT, AUTO_INCREMENT=64;

--
-- AUTO_INCREMENT cho bảng `tbl_caulacbo`
--
ALTER TABLE `tbl_caulacbo`
  MODIFY `clb_id` int(11) NOT NULL AUTO_INCREMENT, AUTO_INCREMENT=8;

--
-- AUTO_INCREMENT cho bảng `tbl_diemdanh`
--
ALTER TABLE `tbl_diemdanh`
  MODIFY `diem_danh_id` int(11) NOT NULL AUTO_INCREMENT, AUTO_INCREMENT=1582;

--
-- AUTO_INCREMENT cho bảng `tbl_event`
--
ALTER TABLE `tbl_event`
  MODIFY `event_id` int(11) NOT NULL AUTO_INCREMENT, AUTO_INCREMENT=35;

--
-- AUTO_INCREMENT cho bảng `tbl_event_detail`
--
ALTER TABLE `tbl_event_detail`
  MODIFY `event_detail_id` int(11) NOT NULL AUTO_INCREMENT, AUTO_INCREMENT=20;

--
-- AUTO_INCREMENT cho bảng `tbl_event_member`
--
ALTER TABLE `tbl_event_member`
  MODIFY `id` int(11) NOT NULL AUTO_INCREMENT, AUTO_INCREMENT=49;

--
-- AUTO_INCREMENT cho bảng `tbl_event_member_clb`
--
ALTER TABLE `tbl_event_member_clb`
  MODIFY `id` int(11) NOT NULL AUTO_INCREMENT, AUTO_INCREMENT=9;

--
-- AUTO_INCREMENT cho bảng `tbl_memberscore`
--
ALTER TABLE `tbl_memberscore`
  MODIFY `id_score` int(11) NOT NULL AUTO_INCREMENT, AUTO_INCREMENT=18;

--
-- AUTO_INCREMENT cho bảng `tbl_news`
--
ALTER TABLE `tbl_news`
  MODIFY `news_id` int(11) NOT NULL AUTO_INCREMENT, AUTO_INCREMENT=22;

--
-- AUTO_INCREMENT cho bảng `tbl_sinh_hoat_clb`
--
ALTER TABLE `tbl_sinh_hoat_clb`
  MODIFY `sinhhoat_id` int(11) NOT NULL AUTO_INCREMENT, AUTO_INCREMENT=8;
COMMIT;

/*!40101 SET CHARACTER_SET_CLIENT=@OLD_CHARACTER_SET_CLIENT */;
/*!40101 SET CHARACTER_SET_RESULTS=@OLD_CHARACTER_SET_RESULTS */;
/*!40101 SET COLLATION_CONNECTION=@OLD_COLLATION_CONNECTION */;
